group_id,call_index,global_step,uid,data_source,n_rollouts,correct_count,all_wrong,all_correct,mixed,group_success_rate,cost_all_mean,cost_correct_mean,cost_correct_min,cost_correct_max,cost_gap_correct,queries_all_mean,turns_all_mean,tokens_all_mean,is_active_efficiency,keep_GAP,keep_E1_lambda0.05,is_E1_only,is_GAP_only,in_intersection,cohort
1:168047,1,71,168047,hotpotqa,8,8,False,True,False,1.0,2.625,2.625,2.0,3.0,1.0,2.625,3.625,1994.375,True,False,True,True,False,False,E1_added
2:28926,2,71,28926,nq,8,8,False,True,False,1.0,1.625,1.625,1.0,2.0,1.0,2.625,2.625,1550.5,True,False,True,True,False,False,E1_added
3:97704,3,71,97704,hotpotqa,8,8,False,True,False,1.0,1.5,1.5,1.0,2.0,1.0,1.5,2.5,931.0,True,False,True,True,False,False,E1_added
3:8143,3,71,8143,nq,8,8,False,True,False,1.0,1.125,1.125,1.0,2.0,1.0,1.125,2.125,799.625,True,False,True,True,False,False,E1_added
6:77010,6,71,77010,nq,8,8,False,True,False,1.0,1.75,1.75,1.0,2.0,1.0,1.75,2.75,1286.0,True,False,True,True,False,False,E1_added
7:87373,7,72,87373,hotpotqa,8,8,False,True,False,1.0,4.125,4.125,4.0,5.0,1.0,6.125,5.125,3359.375,True,False,True,True,False,False,E1_added
7:115866,7,72,115866,hotpotqa,8,8,False,True,False,1.0,1.875,1.875,1.0,2.0,1.0,1.875,2.875,1258.875,True,False,True,True,False,False,E1_added
9:116014,9,72,116014,hotpotqa,8,8,False,True,False,1.0,1.75,1.75,1.0,2.0,1.0,2.75,2.75,1534.625,True,False,True,True,False,False,E1_added
13:157589,13,72,157589,hotpotqa,8,8,False,True,False,1.0,1.25,1.25,1.0,2.0,1.0,2.25,2.25,1495.0,True,False,True,True,False,False,E1_added
15:5483,15,72,5483,nq,8,8,False,True,False,1.0,2.25,2.25,2.0,4.0,2.0,2.25,3.25,1481.625,True,False,True,True,False,False,E1_added
17:153731,17,72,153731,hotpotqa,8,8,False,True,False,1.0,2.125,2.125,2.0,3.0,1.0,2.125,3.125,1495.5,True,False,True,True,False,False,E1_added
18:50727,18,72,50727,nq,8,8,False,True,False,1.0,1.625,1.625,1.0,2.0,1.0,1.625,2.625,1127.5,True,False,True,True,False,False,E1_added
19:16120,19,72,16120,nq,8,8,False,True,False,1.0,1.125,1.125,1.0,2.0,1.0,1.125,2.125,790.375,True,False,True,True,False,False,E1_added
19:92212,19,72,92212,hotpotqa,8,3,False,False,True,0.375,5.625,6.666666666666667,6.0,7.0,1.0,5.625,6.625,2632.375,True,True,True,False,False,True,GAP_displaced
19:6244,19,72,6244,nq,8,7,False,False,True,0.875,1.0,1.0,1.0,1.0,0.0,1.125,2.0,865.25,False,True,True,False,False,True,GAP_displaced
21:112832,21,73,112832,hotpotqa,8,8,False,True,False,1.0,1.875,1.875,1.0,2.0,1.0,1.875,2.875,1151.0,True,False,True,True,False,False,E1_added
23:121064,23,73,121064,hotpotqa,8,8,False,True,False,1.0,1.75,1.75,1.0,2.0,1.0,2.75,2.75,1654.5,True,False,True,True,False,False,E1_added
26:62949,26,73,62949,nq,8,8,False,True,False,1.0,1.5,1.5,1.0,2.0,1.0,1.5,2.5,1039.5,True,False,True,True,False,False,E1_added
27:142310,27,73,142310,hotpotqa,8,8,False,True,False,1.0,1.375,1.375,1.0,2.0,1.0,2.375,2.375,1683.125,True,False,True,True,False,False,E1_added
28:122799,28,73,122799,hotpotqa,8,2,False,False,True,0.25,1.0,1.0,1.0,1.0,0.0,2.0,2.0,1280.5,False,True,True,False,False,True,GAP_displaced
29:134529,29,74,134529,hotpotqa,8,8,False,True,False,1.0,2.125,2.125,1.0,4.0,3.0,3.125,3.125,1913.875,True,False,True,True,False,False,E1_added
32:59146,32,74,59146,nq,8,8,False,True,False,1.0,1.625,1.625,1.0,2.0,1.0,1.625,2.625,1098.875,True,False,True,True,False,False,E1_added
33:127126,33,74,127126,hotpotqa,8,8,False,True,False,1.0,3.875,3.875,3.0,4.0,1.0,3.875,4.875,2348.0,True,False,True,True,False,False,E1_added
36:155392,36,74,155392,hotpotqa,8,8,False,True,False,1.0,1.875,1.875,1.0,2.0,1.0,2.75,2.875,1844.25,True,False,True,True,False,False,E1_added
36:151061,36,74,151061,hotpotqa,8,8,False,True,False,1.0,2.875,2.875,2.0,3.0,1.0,2.875,3.875,1741.0,True,False,True,True,False,False,E1_added
37:7492,37,74,7492,nq,8,6,False,False,True,0.75,4.0,4.0,4.0,4.0,0.0,5.0,5.0,3002.625,False,True,True,False,False,True,GAP_displaced
37:82998,37,74,82998,hotpotqa,8,5,False,False,True,0.625,2.75,2.0,2.0,2.0,0.0,2.75,3.75,1703.375,False,True,True,False,False,True,GAP_displaced
37:2020,37,74,2020,nq,8,5,False,False,True,0.625,1.0,1.0,1.0,1.0,0.0,2.0,2.0,1356.625,False,True,True,False,False,True,GAP_displaced
38:166008,38,75,166008,hotpotqa,8,8,False,True,False,1.0,2.75,2.75,2.0,3.0,1.0,2.75,3.75,1674.75,True,False,True,True,False,False,E1_added
39:126879,39,75,126879,hotpotqa,8,8,False,True,False,1.0,1.875,1.875,1.0,2.0,1.0,2.875,2.875,1695.625,True,False,True,True,False,False,E1_added
40:84947,40,75,84947,hotpotqa,8,8,False,True,False,1.0,1.875,1.875,1.0,2.0,1.0,2.875,2.875,1748.25,True,False,True,True,False,False,E1_added
42:106778,42,75,106778,hotpotqa,8,8,False,True,False,1.0,2.375,2.375,2.0,3.0,1.0,3.0,3.375,1847.375,True,False,True,True,False,False,E1_added
44:81951,44,75,81951,hotpotqa,8,8,False,True,False,1.0,1.875,1.875,1.0,2.0,1.0,2.875,2.875,1909.125,True,False,True,True,False,False,E1_added
44:105371,44,75,105371,hotpotqa,8,8,False,True,False,1.0,1.75,1.75,1.0,2.0,1.0,2.75,2.75,1662.25,True,False,True,True,False,False,E1_added
46:44905,46,76,44905,nq,8,8,False,True,False,1.0,1.75,1.75,1.0,2.0,1.0,2.75,2.75,1552.5,True,False,True,True,False,False,E1_added
46:28363,46,76,28363,nq,8,8,False,True,False,1.0,1.25,1.25,1.0,2.0,1.0,3.25,2.25,1855.0,True,False,True,True,False,False,E1_added
46:133468,46,76,133468,hotpotqa,8,8,False,True,False,1.0,1.125,1.125,1.0,2.0,1.0,2.125,2.125,1398.875,True,False,True,True,False,False,E1_added
47:65042,47,76,65042,nq,8,8,False,True,False,1.0,1.25,1.25,1.0,3.0,2.0,1.25,2.25,1010.75,True,False,True,True,False,False,E1_added
49:36786,49,76,36786,nq,8,8,False,True,False,1.0,2.875,2.875,2.0,3.0,1.0,2.875,3.875,2056.875,True,False,True,True,False,False,E1_added
51:90321,51,76,90321,hotpotqa,8,8,False,True,False,1.0,2.75,2.75,2.0,3.0,1.0,2.75,3.75,1782.0,True,False,True,True,False,False,E1_added
53:23809,53,76,23809,nq,8,8,False,True,False,1.0,1.875,1.875,1.0,2.0,1.0,1.875,2.875,1396.25,True,False,True,True,False,False,E1_added
53:85608,53,76,85608,hotpotqa,8,4,False,False,True,0.5,2.5,3.0,3.0,3.0,0.0,2.5,3.5,1606.5,False,True,True,False,False,True,GAP_displaced
54:86004,54,77,86004,hotpotqa,8,8,False,True,False,1.0,1.75,1.75,1.0,2.0,1.0,2.75,2.75,1753.5,True,False,True,True,False,False,E1_added
55:83312,55,77,83312,hotpotqa,8,8,False,True,False,1.0,1.125,1.125,1.0,2.0,1.0,2.125,2.125,1408.875,True,False,True,True,False,False,E1_added
56:130502,56,77,130502,hotpotqa,8,8,False,True,False,1.0,2.375,2.375,2.0,3.0,1.0,2.375,3.375,1537.0,True,False,True,True,False,False,E1_added
57:4183,57,77,4183,nq,8,8,False,True,False,1.0,1.875,1.875,1.0,2.0,1.0,1.875,2.875,1341.0,True,False,True,True,False,False,E1_added
58:91271,58,77,91271,hotpotqa,8,8,False,True,False,1.0,1.875,1.875,1.0,2.0,1.0,2.875,2.875,1828.375,True,False,True,True,False,False,E1_added
59:161525,59,77,161525,hotpotqa,8,8,False,True,False,1.0,1.25,1.25,1.0,3.0,2.0,2.25,2.25,1517.25,True,False,True,True,False,False,E1_added
62:118312,62,77,118312,hotpotqa,8,8,False,True,False,1.0,1.125,1.125,1.0,2.0,1.0,2.125,2.125,1313.625,True,False,True,True,False,False,E1_added
64:55606,64,78,55606,nq,8,8,False,True,False,1.0,1.125,1.125,1.0,2.0,1.0,2.125,2.125,1355.5,True,False,True,True,False,False,E1_added
66:153580,66,78,153580,hotpotqa,8,8,False,True,False,1.0,1.875,1.875,1.0,2.0,1.0,2.875,2.875,1637.125,True,False,True,True,False,False,E1_added
71:103486,71,78,103486,hotpotqa,8,8,False,True,False,1.0,1.625,1.625,1.0,2.0,1.0,1.625,2.625,1085.25,True,False,True,True,False,False,E1_added
74:93361,74,78,93361,hotpotqa,8,8,False,True,False,1.0,1.25,1.25,1.0,2.0,1.0,2.0,2.25,1268.75,True,False,True,True,False,False,E1_added
76:150523,76,78,150523,hotpotqa,8,8,False,True,False,1.0,2.375,2.375,2.0,3.0,1.0,2.375,3.375,1584.625,True,False,True,True,False,False,E1_added
77:128624,77,78,128624,hotpotqa,8,7,False,False,True,0.875,1.0,1.0,1.0,1.0,0.0,2.0,2.0,1366.5,False,True,True,False,False,True,GAP_displaced
77:128055,77,78,128055,hotpotqa,8,4,False,False,True,0.5,1.0,1.0,1.0,1.0,0.0,2.0,2.0,1234.0,False,True,True,False,False,True,GAP_displaced
79:141359,79,79,141359,hotpotqa,8,8,False,True,False,1.0,1.5,1.5,1.0,2.0,1.0,1.5,2.5,1066.75,True,False,True,True,False,False,E1_added
81:44194,81,79,44194,nq,8,8,False,True,False,1.0,1.875,1.875,1.0,2.0,1.0,1.875,2.875,1287.75,True,False,True,True,False,False,E1_added
85:29993,85,79,29993,nq,8,8,False,True,False,1.0,2.375,2.375,2.0,3.0,1.0,2.375,3.375,1474.625,True,False,True,True,False,False,E1_added
86:5554,86,79,5554,nq,8,8,False,True,False,1.0,1.375,1.375,1.0,2.0,1.0,1.375,2.375,922.375,True,False,True,True,False,False,E1_added
86:73572,86,79,73572,nq,8,1,False,False,True,0.125,1.625,4.0,4.0,4.0,0.0,2.625,2.625,1744.375,False,True,True,False,False,True,GAP_displaced
86:16779,86,79,16779,nq,8,7,False,False,True,0.875,2.0,2.0,2.0,2.0,0.0,2.0,3.0,1174.5,False,True,True,False,False,True,GAP_displaced
86:158505,86,79,158505,hotpotqa,8,5,False,False,True,0.625,2.0,2.0,2.0,2.0,0.0,3.0,3.0,1914.75,False,True,True,False,False,True,GAP_displaced
90:152428,90,80,152428,hotpotqa,8,8,False,True,False,1.0,2.25,2.25,2.0,3.0,1.0,3.25,3.25,1901.75,True,False,True,True,False,False,E1_added
90:90167,90,80,90167,hotpotqa,8,8,False,True,False,1.0,2.0,2.0,1.0,3.0,2.0,3.0,3.0,1885.5,True,False,True,True,False,False,E1_added
91:151625,91,80,151625,hotpotqa,8,8,False,True,False,1.0,1.375,1.375,1.0,2.0,1.0,1.375,2.375,932.125,True,False,True,True,False,False,E1_added
93:114726,93,80,114726,hotpotqa,8,8,False,True,False,1.0,2.875,2.875,2.0,3.0,1.0,2.875,3.875,1993.375,True,False,True,True,False,False,E1_added
93:11795,93,80,11795,nq,8,8,False,True,False,1.0,1.125,1.125,1.0,2.0,1.0,1.125,2.125,829.875,True,False,True,True,False,False,E1_added
93:70097,93,80,70097,nq,8,8,False,True,False,1.0,1.625,1.625,1.0,2.0,1.0,1.625,2.625,1032.0,True,False,True,True,False,False,E1_added
95:99630,95,80,99630,hotpotqa,8,8,False,True,False,1.0,2.5,2.5,2.0,3.0,1.0,2.5,3.5,1603.0,True,False,True,True,False,False,E1_added
95:136129,95,80,136129,hotpotqa,8,8,False,True,False,1.0,1.625,1.625,1.0,2.0,1.0,2.0,2.625,1360.125,True,False,True,True,False,False,E1_added
96:145288,96,80,145288,hotpotqa,8,8,False,True,False,1.0,1.375,1.375,1.0,2.0,1.0,2.375,2.375,1651.25,True,False,True,True,False,False,E1_added
97:155810,97,80,155810,hotpotqa,8,8,False,True,False,1.0,2.25,2.25,2.0,3.0,1.0,2.25,3.25,1682.75,True,False,True,True,False,False,E1_added
99:147163,99,80,147163,hotpotqa,8,6,False,False,True,0.75,1.0,1.0,1.0,1.0,0.0,2.0,2.0,1320.0,False,True,True,False,False,True,GAP_displaced
99:14669,99,80,14669,nq,8,7,False,False,True,0.875,1.0,1.0,1.0,1.0,0.0,2.0,2.0,1382.125,False,True,True,False,False,True,GAP_displaced
100:24573,100,81,24573,nq,8,8,False,True,False,1.0,3.75,3.75,2.0,4.0,2.0,3.75,4.75,1986.125,True,False,True,True,False,False,E1_added
101:143226,101,81,143226,hotpotqa,8,8,False,True,False,1.0,1.125,1.125,1.0,2.0,1.0,2.125,2.125,1461.125,True,False,True,True,False,False,E1_added
102:142188,102,81,142188,hotpotqa,8,8,False,True,False,1.0,1.375,1.375,1.0,2.0,1.0,2.0,2.375,1310.0,True,False,True,True,False,False,E1_added
104:17568,104,81,17568,nq,8,8,False,True,False,1.0,1.375,1.375,1.0,2.0,1.0,2.375,2.375,1531.625,True,False,True,True,False,False,E1_added
106:161108,106,81,161108,hotpotqa,8,8,False,True,False,1.0,2.125,2.125,2.0,3.0,1.0,2.125,3.125,1374.25,True,False,True,True,False,False,E1_added
107:29328,107,82,29328,nq,8,8,False,True,False,1.0,1.25,1.25,1.0,2.0,1.0,1.25,2.25,858.25,True,False,True,True,False,False,E1_added
108:151819,108,82,151819,hotpotqa,8,8,False,True,False,1.0,1.75,1.75,1.0,2.0,1.0,2.75,2.75,1821.0,True,False,True,True,False,False,E1_added
111:124181,111,82,124181,hotpotqa,8,8,False,True,False,1.0,1.625,1.625,1.0,2.0,1.0,1.625,2.625,1041.875,True,False,True,True,False,False,E1_added
114:39663,114,82,39663,nq,8,8,False,True,False,1.0,3.875,3.875,2.0,5.0,3.0,3.875,4.875,2204.5,True,False,True,True,False,False,E1_added
117:145328,117,83,145328,hotpotqa,8,8,False,True,False,1.0,1.125,1.125,1.0,2.0,1.0,2.125,2.125,1343.5,True,False,True,True,False,False,E1_added
117:73099,117,83,73099,nq,8,8,False,True,False,1.0,1.75,1.75,1.0,2.0,1.0,1.75,2.75,1241.25,True,False,True,True,False,False,E1_added
117:45257,117,83,45257,nq,8,8,False,True,False,1.0,1.125,1.125,1.0,2.0,1.0,2.125,2.125,1285.625,True,False,True,True,False,False,E1_added
118:39068,118,83,39068,nq,8,8,False,True,False,1.0,1.25,1.25,1.0,2.0,1.0,1.625,2.25,1070.0,True,False,True,True,False,False,E1_added
123:55112,123,83,55112,nq,8,8,False,True,False,1.0,2.375,2.375,2.0,3.0,1.0,2.375,3.375,1493.25,True,False,True,True,False,False,E1_added
123:60303,123,83,60303,nq,8,8,False,True,False,1.0,2.375,2.375,2.0,3.0,1.0,2.375,3.375,1749.875,True,False,True,True,False,False,E1_added
126:87691,126,83,87691,hotpotqa,8,8,False,True,False,1.0,1.75,1.75,1.0,2.0,1.0,2.0,2.75,1229.75,True,False,True,True,False,False,E1_added
127:53274,127,83,53274,nq,8,8,False,True,False,1.0,1.375,1.375,1.0,2.0,1.0,2.375,2.375,1448.625,True,False,True,True,False,False,E1_added
127:79902,127,83,79902,hotpotqa,8,7,False,False,True,0.875,1.0,1.0,1.0,1.0,0.0,2.0,2.0,1382.625,False,True,True,False,False,True,GAP_displaced
127:35900,127,83,35900,nq,8,1,False,False,True,0.125,5.875,5.0,5.0,5.0,0.0,7.875,6.875,4815.0,False,True,True,False,False,True,GAP_displaced
127:1261,127,83,1261,nq,8,2,False,False,True,0.25,1.875,1.0,1.0,1.0,0.0,1.875,2.875,1317.125,False,True,True,False,False,True,GAP_displaced
128:137656,128,84,137656,hotpotqa,8,8,False,True,False,1.0,1.75,1.75,1.0,2.0,1.0,2.75,2.75,1659.75,True,False,True,True,False,False,E1_added
129:89801,129,84,89801,hotpotqa,8,8,False,True,False,1.0,1.5,1.5,1.0,2.0,1.0,2.5,2.5,1606.0,True,False,True,True,False,False,E1_added
136:134563,136,84,134563,hotpotqa,8,8,False,True,False,1.0,1.5,1.5,1.0,2.0,1.0,1.5,2.5,1074.5,True,False,True,True,False,False,E1_added
138:16910,138,84,16910,nq,8,1,False,False,True,0.125,1.125,2.0,2.0,2.0,0.0,1.125,2.125,829.625,False,True,True,False,False,True,GAP_displaced
138:159909,138,84,159909,hotpotqa,8,2,False,False,True,0.25,3.0,3.0,3.0,3.0,0.0,3.0,4.0,1950.875,False,True,True,False,False,True,GAP_displaced
139:128386,139,85,128386,hotpotqa,8,8,False,True,False,1.0,1.875,1.875,1.0,2.0,1.0,3.625,2.875,1944.875,True,False,True,True,False,False,E1_added
140:57077,140,85,57077,nq,8,8,False,True,False,1.0,2.75,2.75,2.0,4.0,2.0,2.75,3.75,1706.375,True,False,True,True,False,False,E1_added
141:131387,141,85,131387,hotpotqa,8,8,False,True,False,1.0,2.125,2.125,2.0,3.0,1.0,2.125,3.125,1423.75,True,False,True,True,False,False,E1_added
141:90691,141,85,90691,hotpotqa,8,8,False,True,False,1.0,1.25,1.25,1.0,2.0,1.0,2.25,2.25,1419.75,True,False,True,True,False,False,E1_added
142:139400,142,85,139400,hotpotqa,8,8,False,True,False,1.0,1.875,1.875,1.0,2.0,1.0,2.875,2.875,1754.625,True,False,True,True,False,False,E1_added
145:142502,145,85,142502,hotpotqa,8,8,False,True,False,1.0,1.875,1.875,1.0,2.0,1.0,2.875,2.875,1796.125,True,False,True,True,False,False,E1_added
145:90013,145,85,90013,hotpotqa,8,8,False,True,False,1.0,1.875,1.875,1.0,2.0,1.0,2.0,2.875,1252.625,True,False,True,True,False,False,E1_added
145:53397,145,85,53397,nq,8,1,False,False,True,0.125,1.0,1.0,1.0,1.0,0.0,2.0,2.0,1190.75,False,True,True,False,False,True,GAP_displaced
145:51886,145,85,51886,nq,8,7,False,False,True,0.875,1.0,1.0,1.0,1.0,0.0,3.0,2.0,1798.375,False,True,True,False,False,True,GAP_displaced
147:157834,147,86,157834,hotpotqa,8,8,False,True,False,1.0,1.125,1.125,1.0,2.0,1.0,1.125,2.125,1088.0,True,False,True,True,False,False,E1_added
148:151732,148,86,151732,hotpotqa,8,8,False,True,False,1.0,1.375,1.375,1.0,2.0,1.0,1.75,2.375,1160.0,True,False,True,True,False,False,E1_added
148:166162,148,86,166162,hotpotqa,8,8,False,True,False,1.0,2.375,2.375,2.0,3.0,1.0,2.375,3.375,1488.625,True,False,True,True,False,False,E1_added
149:133086,149,86,133086,hotpotqa,8,8,False,True,False,1.0,1.125,1.125,1.0,2.0,1.0,2.125,2.125,1371.375,True,False,True,True,False,False,E1_added
151:127397,151,86,127397,hotpotqa,8,8,False,True,False,1.0,2.875,2.875,2.0,3.0,1.0,3.875,3.875,2365.875,True,False,True,True,False,False,E1_added
153:133738,153,86,133738,hotpotqa,8,8,False,True,False,1.0,1.875,1.875,1.0,2.0,1.0,1.875,2.875,1241.25,True,False,True,True,False,False,E1_added
154:58265,154,86,58265,nq,8,3,False,False,True,0.375,3.0,3.0,3.0,3.0,0.0,3.625,4.0,2068.0,False,True,True,False,False,True,GAP_displaced
155:125490,155,87,125490,hotpotqa,8,8,False,True,False,1.0,1.125,1.125,1.0,2.0,1.0,2.125,2.125,1335.875,True,False,True,True,False,False,E1_added
155:100113,155,87,100113,hotpotqa,8,8,False,True,False,1.0,1.375,1.375,1.0,2.0,1.0,2.0,2.375,1287.625,True,False,True,True,False,False,E1_added
156:159485,156,87,159485,hotpotqa,8,8,False,True,False,1.0,3.125,3.125,3.0,4.0,1.0,3.125,4.125,1862.25,True,False,True,True,False,False,E1_added
158:122008,158,87,122008,hotpotqa,8,8,False,True,False,1.0,1.125,1.125,1.0,2.0,1.0,1.125,2.125,866.25,True,False,True,True,False,False,E1_added
159:148703,159,87,148703,hotpotqa,8,8,False,True,False,1.0,1.75,1.75,1.0,2.0,1.0,2.75,2.75,1618.75,True,False,True,True,False,False,E1_added
159:69662,159,87,69662,nq,8,8,False,True,False,1.0,1.625,1.625,1.0,2.0,1.0,2.625,2.625,1579.875,True,False,True,True,False,False,E1_added
161:164022,161,87,164022,hotpotqa,8,8,False,True,False,1.0,1.75,1.75,1.0,2.0,1.0,1.75,2.75,1123.25,True,False,True,True,False,False,E1_added
162:96613,162,87,96613,hotpotqa,8,8,False,True,False,1.0,1.375,1.375,1.0,2.0,1.0,2.375,2.375,1634.0,True,False,True,True,False,False,E1_added
163:152901,163,87,152901,hotpotqa,8,8,False,True,False,1.0,6.25,6.25,4.0,7.0,3.0,7.25,7.25,4294.25,True,False,True,True,False,False,E1_added
165:15228,165,87,15228,nq,8,8,False,True,False,1.0,1.5,1.5,1.0,2.0,1.0,1.5,2.5,1124.0,True,False,True,True,False,False,E1_added
165:80921,165,87,80921,hotpotqa,8,1,False,False,True,0.125,4.125,4.0,4.0,4.0,0.0,5.125,5.125,2458.5,False,True,True,False,False,True,GAP_displaced
165:65930,165,87,65930,nq,8,1,False,False,True,0.125,1.875,1.0,1.0,1.0,0.0,1.875,2.875,1334.875,False,True,True,False,False,True,GAP_displaced
165:167591,165,87,167591,hotpotqa,8,1,False,False,True,0.125,2.0,2.0,2.0,2.0,0.0,3.0,3.0,2050.125,False,True,True,False,False,True,GAP_displaced
165:167260,165,87,167260,hotpotqa,8,4,False,False,True,0.5,1.0,1.0,1.0,1.0,0.0,2.0,2.0,1291.0,False,True,True,False,False,True,GAP_displaced
166:145462,166,88,145462,hotpotqa,8,8,False,True,False,1.0,1.125,1.125,1.0,2.0,1.0,1.125,2.125,790.0,True,False,True,True,False,False,E1_added
166:158301,166,88,158301,hotpotqa,8,8,False,True,False,1.0,1.625,1.625,1.0,2.0,1.0,2.0,2.625,1314.0,True,False,True,True,False,False,E1_added
167:108770,167,88,108770,hotpotqa,8,8,False,True,False,1.0,2.5,2.5,1.0,3.0,2.0,3.5,3.5,2118.25,True,False,True,True,False,False,E1_added
167:113328,167,88,113328,hotpotqa,8,8,False,True,False,1.0,1.125,1.125,1.0,2.0,1.0,1.125,2.125,772.5,True,False,True,True,False,False,E1_added
169:48120,169,88,48120,nq,8,8,False,True,False,1.0,3.375,3.375,3.0,4.0,1.0,3.375,4.375,2055.5,True,False,True,True,False,False,E1_added
172:140052,172,88,140052,hotpotqa,8,8,False,True,False,1.0,1.25,1.25,1.0,2.0,1.0,2.25,2.25,1493.0,True,False,True,True,False,False,E1_added
174:121862,174,88,121862,hotpotqa,8,8,False,True,False,1.0,1.375,1.375,1.0,2.0,1.0,2.375,2.375,1569.0,True,False,True,True,False,False,E1_added
174:83170,174,88,83170,hotpotqa,8,1,False,False,True,0.125,1.0,1.0,1.0,1.0,0.0,2.0,2.0,1238.75,False,True,True,False,False,True,GAP_displaced
174:161862,174,88,161862,hotpotqa,8,7,False,False,True,0.875,2.0,2.0,2.0,2.0,0.0,3.0,3.0,2021.5,False,True,True,False,False,True,GAP_displaced
175:62861,175,89,62861,nq,8,8,False,True,False,1.0,1.375,1.375,1.0,2.0,1.0,2.375,2.375,1461.5,True,False,True,True,False,False,E1_added
178:32798,178,89,32798,nq,8,8,False,True,False,1.0,2.75,2.75,2.0,3.0,1.0,2.75,3.75,1859.25,True,False,True,True,False,False,E1_added
179:135151,179,89,135151,hotpotqa,8,8,False,True,False,1.0,2.75,2.75,2.0,3.0,1.0,3.75,3.75,2500.5,True,False,True,True,False,False,E1_added
182:137019,182,89,137019,hotpotqa,8,8,False,True,False,1.0,1.875,1.875,1.0,2.0,1.0,1.875,2.875,1266.625,True,False,True,True,False,False,E1_added
185:130562,185,89,130562,hotpotqa,8,8,False,True,False,1.0,1.125,1.125,1.0,2.0,1.0,1.125,2.125,781.125,True,False,True,True,False,False,E1_added
186:114287,186,90,114287,hotpotqa,8,8,False,True,False,1.0,1.375,1.375,1.0,2.0,1.0,1.375,2.375,1117.0,True,False,True,True,False,False,E1_added
187:149796,187,90,149796,hotpotqa,8,8,False,True,False,1.0,1.375,1.375,1.0,4.0,3.0,2.375,2.375,1526.125,True,False,True,True,False,False,E1_added
188:113210,188,90,113210,hotpotqa,8,8,False,True,False,1.0,1.875,1.875,1.0,2.0,1.0,2.875,2.875,1767.875,True,False,True,True,False,False,E1_added
189:109923,189,90,109923,hotpotqa,8,8,False,True,False,1.0,1.875,1.875,1.0,2.0,1.0,2.875,2.875,1810.75,True,False,True,True,False,False,E1_added
195:158341,195,90,158341,hotpotqa,8,8,False,True,False,1.0,1.75,1.75,1.0,2.0,1.0,2.0,2.75,1368.25,True,False,True,True,False,False,E1_added
196:81274,196,90,81274,hotpotqa,8,8,False,True,False,1.0,1.25,1.25,1.0,2.0,1.0,2.25,2.25,1523.875,True,False,True,True,False,False,E1_added
196:83565,196,90,83565,hotpotqa,8,7,False,False,True,0.875,3.0,3.0,3.0,3.0,0.0,3.0,4.0,1866.375,False,True,True,False,False,True,GAP_displaced
196:15965,196,90,15965,nq,8,1,False,False,True,0.125,1.0,1.0,1.0,1.0,0.0,2.0,2.0,1167.375,False,True,True,False,False,True,GAP_displaced
197:18886,197,91,18886,nq,8,8,False,True,False,1.0,1.125,1.125,1.0,2.0,1.0,2.0,2.125,1252.5,True,False,True,True,False,False,E1_added
201:37654,201,91,37654,nq,8,8,False,True,False,1.0,1.5,1.5,1.0,2.0,1.0,1.5,2.5,1074.0,True,False,True,True,False,False,E1_added
203:160989,203,91,160989,hotpotqa,8,8,False,True,False,1.0,1.25,1.25,1.0,2.0,1.0,1.25,2.25,943.25,True,False,True,True,False,False,E1_added
203:83699,203,91,83699,hotpotqa,8,8,False,True,False,1.0,1.75,1.75,1.0,2.0,1.0,1.75,2.75,1169.5,True,False,True,True,False,False,E1_added
203:93566,203,91,93566,hotpotqa,8,8,False,True,False,1.0,1.125,1.125,1.0,2.0,1.0,1.125,2.125,905.75,True,False,True,True,False,False,E1_added
204:103880,204,91,103880,hotpotqa,8,7,False,False,True,0.875,1.875,2.0,2.0,2.0,0.0,2.0,2.875,1311.25,False,True,True,False,False,True,GAP_displaced
204:58098,204,91,58098,nq,8,3,False,False,True,0.375,1.0,1.0,1.0,1.0,0.0,4.0,2.0,2197.125,False,True,True,False,False,True,GAP_displaced
208:118485,208,92,118485,hotpotqa,8,8,False,True,False,1.0,2.625,2.625,2.0,3.0,1.0,3.625,3.625,2190.375,True,False,True,True,False,False,E1_added
209:29454,209,92,29454,nq,8,8,False,True,False,1.0,1.25,1.25,1.0,3.0,2.0,2.25,2.25,1604.375,True,False,True,True,False,False,E1_added
211:1917,211,92,1917,nq,8,8,False,True,False,1.0,5.5,5.5,2.0,6.0,4.0,10.5,6.5,4818.125,True,False,True,True,False,False,E1_added
213:68136,213,92,68136,nq,8,8,False,True,False,1.0,2.5,2.5,2.0,3.0,1.0,2.5,3.5,1445.5,True,False,True,True,False,False,E1_added
214:116915,214,93,116915,hotpotqa,8,8,False,True,False,1.0,1.5,1.5,1.0,2.0,1.0,2.5,2.5,1556.5,True,False,True,True,False,False,E1_added
214:135052,214,93,135052,hotpotqa,8,8,False,True,False,1.0,1.5,1.5,1.0,2.0,1.0,5.5,2.5,3005.0,True,False,True,True,False,False,E1_added
215:103649,215,93,103649,hotpotqa,8,8,False,True,False,1.0,2.125,2.125,2.0,3.0,1.0,2.125,3.125,1424.875,True,False,True,True,False,False,E1_added
215:106619,215,93,106619,hotpotqa,8,8,False,True,False,1.0,3.5,3.5,3.0,4.0,1.0,3.5,4.5,2142.875,True,False,True,True,False,False,E1_added
216:157166,216,93,157166,hotpotqa,8,8,False,True,False,1.0,2.125,2.125,2.0,3.0,1.0,3.125,3.125,1899.0,True,False,True,True,False,False,E1_added
221:67744,221,93,67744,nq,8,8,False,True,False,1.0,2.75,2.75,2.0,3.0,1.0,2.75,3.75,1930.0,True,False,True,True,False,False,E1_added
221:9824,221,93,9824,nq,8,8,False,True,False,1.0,3.75,3.75,2.0,4.0,2.0,3.75,4.75,2442.125,True,False,True,True,False,False,E1_added
221:45752,221,93,45752,nq,8,8,False,True,False,1.0,1.125,1.125,1.0,2.0,1.0,2.125,2.125,1222.625,True,False,True,True,False,False,E1_added
222:164440,222,93,164440,hotpotqa,8,8,False,True,False,1.0,1.25,1.25,1.0,2.0,1.0,2.25,2.25,1696.25,True,False,True,True,False,False,E1_added
225:16966,225,94,16966,nq,8,8,False,True,False,1.0,1.25,1.25,1.0,3.0,2.0,1.25,2.25,897.875,True,False,True,True,False,False,E1_added
227:93681,227,94,93681,hotpotqa,8,8,False,True,False,1.0,3.375,3.375,3.0,4.0,1.0,3.375,4.375,2416.125,True,False,True,True,False,False,E1_added
227:112922,227,94,112922,hotpotqa,8,8,False,True,False,1.0,2.875,2.875,2.0,3.0,1.0,2.875,3.875,1821.75,True,False,True,True,False,False,E1_added
228:139533,228,94,139533,hotpotqa,8,8,False,True,False,1.0,1.75,1.75,1.0,2.0,1.0,1.75,2.75,1269.5,True,False,True,True,False,False,E1_added
228:129561,228,94,129561,hotpotqa,8,8,False,True,False,1.0,2.5,2.5,2.0,3.0,1.0,2.5,3.5,1431.5,True,False,True,True,False,False,E1_added
232:131238,232,94,131238,hotpotqa,8,8,False,True,False,1.0,1.375,1.375,1.0,2.0,1.0,2.375,2.375,1485.0,True,False,True,True,False,False,E1_added
233:28050,233,94,28050,nq,8,7,False,False,True,0.875,1.0,1.0,1.0,1.0,0.0,1.125,2.0,1049.875,False,True,True,False,False,True,GAP_displaced
233:148027,233,94,148027,hotpotqa,8,1,False,False,True,0.125,1.0,1.0,1.0,1.0,0.0,2.0,2.0,1220.625,False,True,True,False,False,True,GAP_displaced
233:12953,233,94,12953,nq,8,6,False,False,True,0.75,2.0,2.0,2.0,2.0,0.0,2.0,3.0,1176.25,False,True,True,False,False,True,GAP_displaced
235:169126,235,95,169126,hotpotqa,8,8,False,True,False,1.0,1.875,1.875,1.0,2.0,1.0,2.875,2.875,1767.125,True,False,True,True,False,False,E1_added
237:6091,237,95,6091,nq,8,8,False,True,False,1.0,1.625,1.625,1.0,2.0,1.0,2.875,2.625,1824.75,True,False,True,True,False,False,E1_added
237:76935,237,95,76935,nq,8,8,False,True,False,1.0,1.75,1.75,1.0,2.0,1.0,1.75,2.75,1272.25,True,False,True,True,False,False,E1_added
238:131277,238,95,131277,hotpotqa,8,8,False,True,False,1.0,2.625,2.625,2.0,3.0,1.0,2.625,3.625,1656.125,True,False,True,True,False,False,E1_added
239:126567,239,95,126567,hotpotqa,8,8,False,True,False,1.0,1.75,1.75,1.0,2.0,1.0,1.75,2.75,1289.75,True,False,True,True,False,False,E1_added
239:127781,239,95,127781,hotpotqa,8,8,False,True,False,1.0,2.75,2.75,2.0,3.0,1.0,2.75,3.75,1767.0,True,False,True,True,False,False,E1_added
240:153832,240,95,153832,hotpotqa,8,8,False,True,False,1.0,2.5,2.5,2.0,3.0,1.0,2.5,3.5,1889.75,True,False,True,True,False,False,E1_added
241:94600,241,95,94600,hotpotqa,8,8,False,True,False,1.0,2.375,2.375,2.0,3.0,1.0,2.375,3.375,1728.125,True,False,True,True,False,False,E1_added
241:99015,241,95,99015,hotpotqa,8,2,False,False,True,0.25,1.0,1.0,1.0,1.0,0.0,2.0,2.0,1239.75,False,True,True,False,False,True,GAP_displaced
241:7720,241,95,7720,nq,8,6,False,False,True,0.75,2.0,2.0,2.0,2.0,0.0,3.0,3.0,1750.0,False,True,True,False,False,True,GAP_displaced
243:75334,243,96,75334,nq,8,8,False,True,False,1.0,1.75,1.75,1.0,2.0,1.0,1.75,2.75,1224.0,True,False,True,True,False,False,E1_added
244:71094,244,96,71094,nq,8,8,False,True,False,1.0,1.75,1.75,1.0,2.0,1.0,1.75,2.75,1167.0,True,False,True,True,False,False,E1_added
244:160549,244,96,160549,hotpotqa,8,8,False,True,False,1.0,1.125,1.125,1.0,2.0,1.0,2.125,2.125,1552.375,True,False,True,True,False,False,E1_added
244:81223,244,96,81223,hotpotqa,8,8,False,True,False,1.0,2.125,2.125,2.0,3.0,1.0,2.125,3.125,1524.625,True,False,True,True,False,False,E1_added
246:151512,246,96,151512,hotpotqa,8,8,False,True,False,1.0,1.125,1.125,1.0,2.0,1.0,2.125,2.125,1297.375,True,False,True,True,False,False,E1_added
247:88007,247,96,88007,hotpotqa,8,8,False,True,False,1.0,1.125,1.125,1.0,2.0,1.0,1.125,2.125,928.875,True,False,True,True,False,False,E1_added
247:60312,247,96,60312,nq,8,8,False,True,False,1.0,2.5,2.5,2.0,3.0,1.0,2.5,3.5,1544.0,True,False,True,True,False,False,E1_added
250:27786,250,96,27786,nq,8,1,False,False,True,0.125,2.0,2.0,2.0,2.0,0.0,3.0,3.0,1764.75,False,True,True,False,False,True,GAP_displaced
250:66123,250,96,66123,nq,8,4,False,False,True,0.5,1.0,1.0,1.0,1.0,0.0,2.0,2.0,1203.5,False,True,True,False,False,True,GAP_displaced
250:156941,250,96,156941,hotpotqa,8,4,False,False,True,0.5,2.0,2.0,2.0,2.0,0.0,2.0,3.0,1249.0,False,True,True,False,False,True,GAP_displaced
253:34166,253,97,34166,nq,8,8,False,True,False,1.0,2.375,2.375,2.0,3.0,1.0,2.375,3.375,1550.625,True,False,True,True,False,False,E1_added
257:62967,257,97,62967,nq,8,8,False,True,False,1.0,1.5,1.5,1.0,2.0,1.0,1.5,2.5,1023.0,True,False,True,True,False,False,E1_added
259:46162,259,97,46162,nq,8,8,False,True,False,1.0,2.875,2.875,2.0,3.0,1.0,3.875,3.875,2668.75,True,False,True,True,False,False,E1_added
259:83820,259,97,83820,hotpotqa,8,8,False,True,False,1.0,1.75,1.75,1.0,2.0,1.0,2.75,2.75,1872.0,True,False,True,True,False,False,E1_added
260:28437,260,97,28437,nq,8,8,False,True,False,1.0,1.25,1.25,1.0,2.0,1.0,1.25,2.25,935.375,True,False,True,True,False,False,E1_added
261:150481,261,98,150481,hotpotqa,8,8,False,True,False,1.0,1.875,1.875,1.0,2.0,1.0,2.75,2.875,1594.625,True,False,True,True,False,False,E1_added
262:74347,262,98,74347,nq,8,8,False,True,False,1.0,2.75,2.75,2.0,3.0,1.0,4.75,3.75,3149.25,True,False,True,True,False,False,E1_added
263:31161,263,98,31161,nq,8,8,False,True,False,1.0,1.125,1.125,1.0,2.0,1.0,1.375,2.125,1006.125,True,False,True,True,False,False,E1_added
264:132009,264,98,132009,hotpotqa,8,8,False,True,False,1.0,1.125,1.125,1.0,2.0,1.0,2.0,2.125,1535.0,True,False,True,True,False,False,E1_added
264:139653,264,98,139653,hotpotqa,8,8,False,True,False,1.0,1.625,1.625,1.0,2.0,1.0,1.625,2.625,1109.25,True,False,True,True,False,False,E1_added
264:90870,264,98,90870,hotpotqa,8,8,False,True,False,1.0,1.625,1.625,1.0,2.0,1.0,2.625,2.625,1699.75,True,False,True,True,False,False,E1_added
265:138045,265,98,138045,hotpotqa,8,8,False,True,False,1.0,1.625,1.625,1.0,2.0,1.0,2.625,2.625,1631.75,True,False,True,True,False,False,E1_added
267:131175,267,98,131175,hotpotqa,8,8,False,True,False,1.0,1.75,1.75,1.0,3.0,2.0,2.75,2.75,1680.5,True,False,True,True,False,False,E1_added
267:152611,267,98,152611,hotpotqa,8,8,False,True,False,1.0,1.375,1.375,1.0,2.0,1.0,2.375,2.375,1408.375,True,False,True,True,False,False,E1_added
268:44421,268,98,44421,nq,8,8,False,True,False,1.0,1.625,1.625,1.0,2.0,1.0,1.625,2.625,1029.75,True,False,True,True,False,False,E1_added
270:119726,270,98,119726,hotpotqa,8,1,False,False,True,0.125,2.0,2.0,2.0,2.0,0.0,3.0,3.0,1871.75,False,True,True,False,False,True,GAP_displaced
270:137698,270,98,137698,hotpotqa,8,2,False,False,True,0.25,3.0,3.0,3.0,3.0,0.0,3.0,4.0,1505.125,False,True,True,False,False,True,GAP_displaced
270:158998,270,98,158998,hotpotqa,8,1,False,False,True,0.125,2.0,2.0,2.0,2.0,0.0,2.0,3.0,1340.75,False,True,True,False,False,True,GAP_displaced
270:103236,270,98,103236,hotpotqa,8,5,False,False,True,0.625,1.0,1.0,1.0,1.0,0.0,2.0,2.0,1249.0,False,True,True,False,False,True,GAP_displaced
271:155993,271,99,155993,hotpotqa,8,8,False,True,False,1.0,1.75,1.75,1.0,2.0,1.0,1.75,2.75,1296.25,True,False,True,True,False,False,E1_added
273:102697,273,99,102697,hotpotqa,8,8,False,True,False,1.0,1.375,1.375,1.0,2.0,1.0,2.375,2.375,1682.875,True,False,True,True,False,False,E1_added
273:80425,273,99,80425,hotpotqa,8,8,False,True,False,1.0,1.75,1.75,1.0,2.0,1.0,2.75,2.75,1704.0,True,False,True,True,False,False,E1_added
274:1672,274,99,1672,nq,8,8,False,True,False,1.0,2.125,2.125,2.0,3.0,1.0,2.125,3.125,1806.875,True,False,True,True,False,False,E1_added
278:82186,278,99,82186,hotpotqa,8,8,False,True,False,1.0,1.125,1.125,1.0,2.0,1.0,2.125,2.125,1413.125,True,False,True,True,False,False,E1_added
281:75925,281,99,75925,nq,8,8,False,True,False,1.0,1.5,1.5,1.0,2.0,1.0,3.5,2.5,2277.125,True,False,True,True,False,False,E1_added
281:162342,281,99,162342,hotpotqa,8,7,False,False,True,0.875,1.875,2.0,2.0,2.0,0.0,2.875,2.875,1744.0,False,True,True,False,False,True,GAP_displaced
281:86548,281,99,86548,hotpotqa,8,6,False,False,True,0.75,1.0,1.0,1.0,1.0,0.0,2.0,2.0,1255.5,False,True,True,False,False,True,GAP_displaced
282:110899,282,100,110899,hotpotqa,8,8,False,True,False,1.0,1.375,1.375,1.0,2.0,1.0,1.375,2.375,1006.5,True,False,True,True,False,False,E1_added
283:133161,283,100,133161,hotpotqa,8,8,False,True,False,1.0,2.75,2.75,2.0,3.0,1.0,2.75,3.75,1736.5,True,False,True,True,False,False,E1_added
293:30693,293,100,30693,nq,8,2,False,False,True,0.25,1.75,1.0,1.0,1.0,0.0,1.75,2.75,1139.75,False,True,True,False,False,True,GAP_displaced
295:97084,295,101,97084,hotpotqa,8,8,False,True,False,1.0,1.75,1.75,1.0,2.0,1.0,2.75,2.75,1662.0,True,False,True,True,False,False,E1_added
298:38959,298,101,38959,nq,8,8,False,True,False,1.0,1.5,1.5,1.0,2.0,1.0,1.5,2.5,982.5,True,False,True,True,False,False,E1_added
300:81151,300,101,81151,hotpotqa,8,8,False,True,False,1.0,1.25,1.25,1.0,2.0,1.0,2.25,2.25,1595.0,True,False,True,True,False,False,E1_added
301:104043,301,101,104043,hotpotqa,8,1,False,False,True,0.125,1.875,1.0,1.0,1.0,0.0,2.0,2.875,1351.875,False,True,True,False,False,True,GAP_displaced
301:17103,301,101,17103,nq,8,4,False,False,True,0.5,1.0,1.0,1.0,1.0,0.0,2.0,2.0,1339.0,False,True,True,False,False,True,GAP_displaced
301:168655,301,101,168655,hotpotqa,8,5,False,False,True,0.625,2.0,2.0,2.0,2.0,0.0,6.25,3.0,3498.125,False,True,True,False,False,True,GAP_displaced
302:83223,302,102,83223,hotpotqa,8,8,False,True,False,1.0,2.25,2.25,2.0,3.0,1.0,2.25,3.25,1453.25,True,False,True,True,False,False,E1_added
303:152248,303,102,152248,hotpotqa,8,8,False,True,False,1.0,1.875,1.875,1.0,2.0,1.0,2.875,2.875,1874.25,True,False,True,True,False,False,E1_added
305:107421,305,102,107421,hotpotqa,8,8,False,True,False,1.0,1.75,1.75,1.0,2.0,1.0,2.75,2.75,1745.75,True,False,True,True,False,False,E1_added
306:121677,306,102,121677,hotpotqa,8,8,False,True,False,1.0,2.125,2.125,2.0,3.0,1.0,2.125,3.125,1404.375,True,False,True,True,False,False,E1_added
309:147823,309,102,147823,hotpotqa,8,8,False,True,False,1.0,1.125,1.125,1.0,2.0,1.0,2.125,2.125,1403.25,True,False,True,True,False,False,E1_added
311:108773,311,102,108773,hotpotqa,8,8,False,True,False,1.0,1.25,1.25,1.0,2.0,1.0,2.25,2.25,1393.25,True,False,True,True,False,False,E1_added
313:158644,313,103,158644,hotpotqa,8,8,False,True,False,1.0,1.625,1.625,1.0,2.0,1.0,2.625,2.625,1648.5,True,False,True,True,False,False,E1_added
320:91323,320,103,91323,hotpotqa,8,8,False,True,False,1.0,1.5,1.5,1.0,2.0,1.0,1.5,2.5,1173.125,True,False,True,True,False,False,E1_added
321:15578,321,103,15578,nq,8,8,False,True,False,1.0,1.875,1.875,1.0,2.0,1.0,1.875,2.875,1192.375,True,False,True,True,False,False,E1_added
321:37475,321,103,37475,nq,8,7,False,False,True,0.875,1.0,1.0,1.0,1.0,0.0,2.0,2.0,1291.125,False,True,True,False,False,True,GAP_displaced
325:159980,325,104,159980,hotpotqa,8,8,False,True,False,1.0,1.125,1.125,1.0,2.0,1.0,1.125,2.125,979.375,True,False,True,True,False,False,E1_added
325:154782,325,104,154782,hotpotqa,8,8,False,True,False,1.0,1.625,1.625,1.0,2.0,1.0,2.625,2.625,1724.0,True,False,True,True,False,False,E1_added
325:132473,325,104,132473,hotpotqa,8,8,False,True,False,1.0,1.875,1.875,1.0,2.0,1.0,1.875,2.875,1238.875,True,False,True,True,False,False,E1_added
326:154821,326,104,154821,hotpotqa,8,8,False,True,False,1.0,2.25,2.25,2.0,3.0,1.0,2.25,3.25,1621.75,True,False,True,True,False,False,E1_added
326:92978,326,104,92978,hotpotqa,8,8,False,True,False,1.0,3.75,3.75,3.0,4.0,1.0,4.75,4.75,2839.5,True,False,True,True,False,False,E1_added
331:123179,331,104,123179,hotpotqa,8,8,False,True,False,1.0,1.125,1.125,1.0,2.0,1.0,2.125,2.125,1352.75,True,False,True,True,False,False,E1_added
332:27569,332,104,27569,nq,8,8,False,True,False,1.0,1.75,1.75,1.0,2.0,1.0,1.75,2.75,1118.25,True,False,True,True,False,False,E1_added
333:54935,333,105,54935,nq,8,8,False,True,False,1.0,1.75,1.75,1.0,2.0,1.0,2.75,2.75,1801.0,True,False,True,True,False,False,E1_added
333:65082,333,105,65082,nq,8,8,False,True,False,1.0,1.375,1.375,1.0,2.0,1.0,2.375,2.375,1555.75,True,False,True,True,False,False,E1_added
334:116829,334,105,116829,hotpotqa,8,8,False,True,False,1.0,1.125,1.125,1.0,2.0,1.0,2.125,2.125,1378.75,True,False,True,True,False,False,E1_added
338:121478,338,105,121478,hotpotqa,8,8,False,True,False,1.0,1.375,1.375,1.0,2.0,1.0,1.375,2.375,884.25,True,False,True,True,False,False,E1_added
340:143644,340,105,143644,hotpotqa,8,8,False,True,False,1.0,1.25,1.25,1.0,2.0,1.0,1.25,2.25,813.5,True,False,True,True,False,False,E1_added
343:84672,343,105,84672,hotpotqa,8,3,False,False,True,0.375,1.0,1.0,1.0,1.0,0.0,1.0,2.0,748.625,False,True,True,False,False,True,GAP_displaced
346:48117,346,106,48117,nq,8,8,False,True,False,1.0,1.875,1.875,1.0,2.0,1.0,1.875,2.875,1232.25,True,False,True,True,False,False,E1_added
348:47799,348,106,47799,nq,8,8,False,True,False,1.0,1.375,1.375,1.0,2.0,1.0,2.375,2.375,1481.0,True,False,True,True,False,False,E1_added
348:111059,348,106,111059,hotpotqa,8,8,False,True,False,1.0,1.125,1.125,1.0,2.0,1.0,3.375,2.125,1922.25,True,False,True,True,False,False,E1_added
349:125708,349,106,125708,hotpotqa,8,8,False,True,False,1.0,2.875,2.875,2.0,3.0,1.0,3.875,3.875,2501.0,True,False,True,True,False,False,E1_added
349:99563,349,106,99563,hotpotqa,8,8,False,True,False,1.0,3.875,3.875,3.0,4.0,1.0,3.875,4.875,2347.875,True,False,True,True,False,False,E1_added
351:136536,351,106,136536,hotpotqa,8,8,False,True,False,1.0,2.375,2.375,2.0,3.0,1.0,2.375,3.375,1825.0,True,False,True,True,False,False,E1_added
352:148056,352,106,148056,hotpotqa,8,4,False,False,True,0.5,1.0,1.0,1.0,1.0,0.0,2.0,2.0,1220.0,False,True,True,False,False,True,GAP_displaced
354:68235,354,107,68235,nq,8,8,False,True,False,1.0,2.625,2.625,2.0,4.0,2.0,2.625,3.625,1857.75,True,False,True,True,False,False,E1_added
354:94337,354,107,94337,hotpotqa,8,8,False,True,False,1.0,1.75,1.75,1.0,2.0,1.0,2.625,2.75,1772.75,True,False,True,True,False,False,E1_added
359:146349,359,107,146349,hotpotqa,8,8,False,True,False,1.0,1.75,1.75,1.0,2.0,1.0,2.75,2.75,1715.0,True,False,True,True,False,False,E1_added
364:63657,364,108,63657,nq,8,8,False,True,False,1.0,1.125,1.125,1.0,2.0,1.0,1.125,2.125,873.875,True,False,True,True,False,False,E1_added
365:159329,365,108,159329,hotpotqa,8,8,False,True,False,1.0,1.75,1.75,1.0,2.0,1.0,1.75,2.75,1056.25,True,False,True,True,False,False,E1_added
369:2496,369,108,2496,nq,8,8,False,True,False,1.0,1.125,1.125,1.0,2.0,1.0,1.125,2.125,868.875,True,False,True,True,False,False,E1_added
370:92868,370,108,92868,hotpotqa,8,8,False,True,False,1.0,2.125,2.125,2.0,3.0,1.0,2.125,3.125,1407.875,True,False,True,True,False,False,E1_added
373:110164,373,108,110164,hotpotqa,8,8,False,True,False,1.0,1.875,1.875,1.0,2.0,1.0,2.875,2.875,2145.75,True,False,True,True,False,False,E1_added
373:154685,373,108,154685,hotpotqa,8,1,False,False,True,0.125,1.0,1.0,1.0,1.0,0.0,2.0,2.0,1366.25,False,True,True,False,False,True,GAP_displaced
375:100841,375,109,100841,hotpotqa,8,8,False,True,False,1.0,1.125,1.125,1.0,2.0,1.0,1.125,2.125,912.25,True,False,True,True,False,False,E1_added
379:149138,379,109,149138,hotpotqa,8,8,False,True,False,1.0,1.125,1.125,1.0,2.0,1.0,2.0,2.125,1254.75,True,False,True,True,False,False,E1_added
380:80549,380,109,80549,hotpotqa,8,8,False,True,False,1.0,1.5,1.5,1.0,2.0,1.0,1.5,2.5,1177.5,True,False,True,True,False,False,E1_added
380:17342,380,109,17342,nq,8,8,False,True,False,1.0,1.25,1.25,1.0,2.0,1.0,2.25,2.25,1503.75,True,False,True,True,False,False,E1_added
382:122970,382,109,122970,hotpotqa,8,2,False,False,True,0.25,2.0,2.0,2.0,2.0,0.0,2.0,3.0,1354.75,False,True,True,False,False,True,GAP_displaced
384:108668,384,110,108668,hotpotqa,8,8,False,True,False,1.0,2.875,2.875,2.0,3.0,1.0,3.875,3.875,2488.125,True,False,True,True,False,False,E1_added
388:145512,388,110,145512,hotpotqa,8,8,False,True,False,1.0,2.25,2.25,2.0,3.0,1.0,3.25,3.25,2367.625,True,False,True,True,False,False,E1_added
392:154664,392,110,154664,hotpotqa,8,8,False,True,False,1.0,1.75,1.75,1.0,2.0,1.0,2.75,2.75,1860.125,True,False,True,True,False,False,E1_added
395:122188,395,110,122188,hotpotqa,8,4,False,False,True,0.5,1.0,1.0,1.0,1.0,0.0,2.0,2.0,1241.5,False,True,True,False,False,True,GAP_displaced
395:148385,395,110,148385,hotpotqa,8,2,False,False,True,0.25,1.0,1.0,1.0,1.0,0.0,2.0,2.0,1264.0,False,True,True,False,False,True,GAP_displaced
398:102949,398,111,102949,hotpotqa,8,8,False,True,False,1.0,1.125,1.125,1.0,2.0,1.0,1.125,2.125,912.0,True,False,True,True,False,False,E1_added
399:134098,399,111,134098,hotpotqa,8,8,False,True,False,1.0,1.625,1.625,1.0,2.0,1.0,2.625,2.625,1748.125,True,False,True,True,False,False,E1_added
404:95684,404,111,95684,hotpotqa,8,8,False,True,False,1.0,1.125,1.125,1.0,2.0,1.0,2.125,2.125,1463.25,True,False,True,True,False,False,E1_added
404:5520,404,111,5520,nq,8,8,False,True,False,1.0,1.5,1.5,1.0,2.0,1.0,1.5,2.5,976.5,True,False,True,True,False,False,E1_added
410:52661,410,112,52661,nq,8,8,False,True,False,1.0,1.25,1.25,1.0,2.0,1.0,2.25,2.25,1424.75,True,False,True,True,False,False,E1_added
410:88199,410,112,88199,hotpotqa,8,8,False,True,False,1.0,1.375,1.375,1.0,2.0,1.0,2.0,2.375,1278.5,True,False,True,True,False,False,E1_added
415:14639,415,112,14639,nq,8,7,False,False,True,0.875,1.0,1.0,1.0,1.0,0.0,2.0,2.0,1203.5,False,True,True,False,False,True,GAP_displaced
415:10362,415,112,10362,nq,8,6,False,False,True,0.75,1.0,1.0,1.0,1.0,0.0,3.0,2.0,1674.25,False,True,True,False,False,True,GAP_displaced
417:4424,417,113,4424,nq,8,8,False,True,False,1.0,1.5,1.5,1.0,2.0,1.0,1.5,2.5,1274.0,True,False,True,True,False,False,E1_added
420:84266,420,113,84266,hotpotqa,8,8,False,True,False,1.0,1.375,1.375,1.0,2.0,1.0,1.375,2.375,946.875,True,False,True,True,False,False,E1_added
421:143709,421,113,143709,hotpotqa,8,8,False,True,False,1.0,1.625,1.625,1.0,2.0,1.0,2.0,2.625,1247.375,True,False,True,True,False,False,E1_added
423:39535,423,113,39535,nq,8,6,False,False,True,0.75,1.0,1.0,1.0,1.0,0.0,2.0,2.0,1252.5,False,True,True,False,False,True,GAP_displaced
423:27502,423,113,27502,nq,8,1,False,False,True,0.125,1.0,1.0,1.0,1.0,0.0,2.0,2.0,1291.375,False,True,True,False,False,True,GAP_displaced
426:40006,426,114,40006,nq,8,8,False,True,False,1.0,1.625,1.625,1.0,2.0,1.0,1.625,2.625,1069.5,True,False,True,True,False,False,E1_added
431:72621,431,114,72621,nq,8,8,False,True,False,1.0,1.75,1.75,1.0,2.0,1.0,1.75,2.75,1286.5,True,False,True,True,False,False,E1_added
432:70942,432,114,70942,nq,8,8,False,True,False,1.0,1.125,1.125,1.0,2.0,1.0,1.125,2.125,819.625,True,False,True,True,False,False,E1_added
438:155925,438,115,155925,hotpotqa,8,8,False,True,False,1.0,1.5,1.5,1.0,2.0,1.0,2.5,2.5,1797.0,True,False,True,True,False,False,E1_added
438:89562,438,115,89562,hotpotqa,8,8,False,True,False,1.0,1.125,1.125,1.0,2.0,1.0,2.125,2.125,1579.375,True,False,True,True,False,False,E1_added
439:114450,439,115,114450,hotpotqa,8,8,False,True,False,1.0,1.875,1.875,1.0,2.0,1.0,1.875,2.875,1270.25,True,False,True,True,False,False,E1_added
446:39867,446,115,39867,nq,8,5,False,False,True,0.625,1.0,1.0,1.0,1.0,0.0,2.0,2.0,1094.625,False,True,True,False,False,True,GAP_displaced
446:92295,446,115,92295,hotpotqa,8,2,False,False,True,0.25,1.0,1.0,1.0,1.0,0.0,2.0,2.0,1317.0,False,True,True,False,False,True,GAP_displaced
447:168548,447,116,168548,hotpotqa,8,8,False,True,False,1.0,1.125,1.125,1.0,2.0,1.0,1.125,2.125,903.375,True,False,True,True,False,False,E1_added
447:110039,447,116,110039,hotpotqa,8,8,False,True,False,1.0,1.125,1.125,1.0,2.0,1.0,1.125,2.125,988.375,True,False,True,True,False,False,E1_added
453:132143,453,116,132143,hotpotqa,8,8,False,True,False,1.0,1.5,1.5,1.0,2.0,1.0,2.0,2.5,1327.0,True,False,True,True,False,False,E1_added
457:33295,457,116,33295,nq,8,2,False,False,True,0.25,1.25,2.0,2.0,2.0,0.0,2.25,2.25,1431.25,False,True,True,False,False,True,GAP_displaced
457:120689,457,116,120689,hotpotqa,8,4,False,False,True,0.5,2.0,2.0,2.0,2.0,0.0,3.0,3.0,2236.5,False,True,True,False,False,True,GAP_displaced
457:109206,457,116,109206,hotpotqa,8,1,False,False,True,0.125,1.0,1.0,1.0,1.0,0.0,1.125,2.0,880.375,False,True,True,False,False,True,GAP_displaced
459:17334,459,117,17334,nq,8,8,False,True,False,1.0,1.25,1.25,1.0,2.0,1.0,1.625,2.25,1082.0,True,False,True,True,False,False,E1_added
460:116791,460,117,116791,hotpotqa,8,8,False,True,False,1.0,1.25,1.25,1.0,2.0,1.0,1.25,2.25,864.5,True,False,True,True,False,False,E1_added
466:65560,466,117,65560,nq,8,4,False,False,True,0.5,1.0,1.0,1.0,1.0,0.0,2.0,2.0,1301.0,False,True,True,False,False,True,GAP_displaced
466:93152,466,117,93152,hotpotqa,8,6,False,False,True,0.75,1.0,1.0,1.0,1.0,0.0,2.0,2.0,1503.5,False,True,True,False,False,True,GAP_displaced
473:135380,473,118,135380,hotpotqa,8,8,False,True,False,1.0,1.75,1.75,1.0,2.0,1.0,2.0,2.75,1328.75,True,False,True,True,False,False,E1_added
476:90536,476,118,90536,hotpotqa,8,8,False,True,False,1.0,1.75,1.75,1.0,2.0,1.0,1.75,2.75,1360.75,True,False,True,True,False,False,E1_added
477:113023,477,118,113023,hotpotqa,8,8,False,True,False,1.0,1.375,1.375,1.0,2.0,1.0,2.625,2.375,1610.875,True,False,True,True,False,False,E1_added
481:90310,481,119,90310,hotpotqa,8,8,False,True,False,1.0,3.5,3.5,3.0,4.0,1.0,3.5,4.5,2335.0,True,False,True,True,False,False,E1_added
482:148994,482,119,148994,hotpotqa,8,8,False,True,False,1.0,1.125,1.125,1.0,2.0,1.0,1.125,2.125,864.75,True,False,True,True,False,False,E1_added
485:103170,485,119,103170,hotpotqa,8,8,False,True,False,1.0,1.25,1.25,1.0,2.0,1.0,2.0,2.25,1275.75,True,False,True,True,False,False,E1_added
489:30418,489,119,30418,nq,8,8,False,True,False,1.0,1.25,1.25,1.0,3.0,2.0,1.25,2.25,898.0,True,False,True,True,False,False,E1_added
489:12748,489,119,12748,nq,8,5,False,False,True,0.625,1.625,2.0,2.0,2.0,0.0,2.625,2.625,1664.0,False,True,True,False,False,True,GAP_displaced
489:26395,489,119,26395,nq,8,1,False,False,True,0.125,1.0,1.0,1.0,1.0,0.0,2.0,2.0,1207.25,False,True,True,False,False,True,GAP_displaced
489:121428,489,119,121428,hotpotqa,8,1,False,False,True,0.125,1.0,1.0,1.0,1.0,0.0,2.0,2.0,1245.75,False,True,True,False,False,True,GAP_displaced
490:105409,490,120,105409,hotpotqa,8,8,False,True,False,1.0,1.375,1.375,1.0,2.0,1.0,2.375,2.375,1720.75,True,False,True,True,False,False,E1_added
492:88194,492,120,88194,hotpotqa,8,8,False,True,False,1.0,1.625,1.625,1.0,2.0,1.0,2.625,2.625,1656.625,True,False,True,True,False,False,E1_added
494:85660,494,120,85660,hotpotqa,8,8,False,True,False,1.0,1.875,1.875,1.0,2.0,1.0,1.875,2.875,1248.875,True,False,True,True,False,False,E1_added
496:120148,496,120,120148,hotpotqa,8,8,False,True,False,1.0,1.25,1.25,1.0,2.0,1.0,1.25,2.25,853.75,True,False,True,True,False,False,E1_added
497:35710,497,120,35710,nq,8,8,False,True,False,1.0,2.125,2.125,2.0,3.0,1.0,2.125,3.125,1662.0,True,False,True,True,False,False,E1_added
500:31250,500,120,31250,nq,8,8,False,True,False,1.0,1.125,1.125,1.0,2.0,1.0,1.125,2.125,915.5,True,False,True,True,False,False,E1_added
