group_id,call_index,global_step,uid,data_source,n_rollouts,correct_count,all_wrong,all_correct,mixed,group_success_rate,cost_all_mean,cost_correct_mean,cost_correct_min,cost_correct_max,cost_gap_correct,queries_all_mean,turns_all_mean,tokens_all_mean,is_active_efficiency,keep_GAP,keep_E1_lambda0.05,is_E1_only,is_GAP_only,in_intersection
1:168047,1,71,168047,hotpotqa,8,8,False,True,False,1.0,2.625,2.625,2.0,3.0,1.0,2.625,3.625,1994.375,True,False,True,True,False,False
2:28926,2,71,28926,nq,8,8,False,True,False,1.0,1.625,1.625,1.0,2.0,1.0,2.625,2.625,1550.5,True,False,True,True,False,False
3:97704,3,71,97704,hotpotqa,8,8,False,True,False,1.0,1.5,1.5,1.0,2.0,1.0,1.5,2.5,931.0,True,False,True,True,False,False
3:8143,3,71,8143,nq,8,8,False,True,False,1.0,1.125,1.125,1.0,2.0,1.0,1.125,2.125,799.625,True,False,True,True,False,False
6:77010,6,71,77010,nq,8,8,False,True,False,1.0,1.75,1.75,1.0,2.0,1.0,1.75,2.75,1286.0,True,False,True,True,False,False
7:87373,7,72,87373,hotpotqa,8,8,False,True,False,1.0,4.125,4.125,4.0,5.0,1.0,6.125,5.125,3359.375,True,False,True,True,False,False
7:115866,7,72,115866,hotpotqa,8,8,False,True,False,1.0,1.875,1.875,1.0,2.0,1.0,1.875,2.875,1258.875,True,False,True,True,False,False
9:116014,9,72,116014,hotpotqa,8,8,False,True,False,1.0,1.75,1.75,1.0,2.0,1.0,2.75,2.75,1534.625,True,False,True,True,False,False
13:157589,13,72,157589,hotpotqa,8,8,False,True,False,1.0,1.25,1.25,1.0,2.0,1.0,2.25,2.25,1495.0,True,False,True,True,False,False
15:5483,15,72,5483,nq,8,8,False,True,False,1.0,2.25,2.25,2.0,4.0,2.0,2.25,3.25,1481.625,True,False,True,True,False,False
17:153731,17,72,153731,hotpotqa,8,8,False,True,False,1.0,2.125,2.125,2.0,3.0,1.0,2.125,3.125,1495.5,True,False,True,True,False,False
18:50727,18,72,50727,nq,8,8,False,True,False,1.0,1.625,1.625,1.0,2.0,1.0,1.625,2.625,1127.5,True,False,True,True,False,False
19:16120,19,72,16120,nq,8,8,False,True,False,1.0,1.125,1.125,1.0,2.0,1.0,1.125,2.125,790.375,True,False,True,True,False,False
21:112832,21,73,112832,hotpotqa,8,8,False,True,False,1.0,1.875,1.875,1.0,2.0,1.0,1.875,2.875,1151.0,True,False,True,True,False,False
23:121064,23,73,121064,hotpotqa,8,8,False,True,False,1.0,1.75,1.75,1.0,2.0,1.0,2.75,2.75,1654.5,True,False,True,True,False,False
26:62949,26,73,62949,nq,8,8,False,True,False,1.0,1.5,1.5,1.0,2.0,1.0,1.5,2.5,1039.5,True,False,True,True,False,False
27:142310,27,73,142310,hotpotqa,8,8,False,True,False,1.0,1.375,1.375,1.0,2.0,1.0,2.375,2.375,1683.125,True,False,True,True,False,False
28:92791,28,73,92791,hotpotqa,8,8,False,True,False,1.0,2.375,2.375,2.0,3.0,1.0,2.375,3.375,1475.875,True,False,True,True,False,False
28:30642,28,73,30642,nq,8,8,False,True,False,1.0,1.75,1.75,1.0,2.0,1.0,2.75,2.75,1732.25,True,False,True,True,False,False
28:19310,28,73,19310,nq,8,8,False,True,False,1.0,1.75,1.75,1.0,2.0,1.0,4.0,2.75,2107.0,True,False,True,True,False,False
29:134529,29,74,134529,hotpotqa,8,8,False,True,False,1.0,2.125,2.125,1.0,4.0,3.0,3.125,3.125,1913.875,True,False,True,True,False,False
32:59146,32,74,59146,nq,8,8,False,True,False,1.0,1.625,1.625,1.0,2.0,1.0,1.625,2.625,1098.875,True,False,True,True,False,False
33:127126,33,74,127126,hotpotqa,8,8,False,True,False,1.0,3.875,3.875,3.0,4.0,1.0,3.875,4.875,2348.0,True,False,True,True,False,False
36:155392,36,74,155392,hotpotqa,8,8,False,True,False,1.0,1.875,1.875,1.0,2.0,1.0,2.75,2.875,1844.25,True,False,True,True,False,False
36:151061,36,74,151061,hotpotqa,8,8,False,True,False,1.0,2.875,2.875,2.0,3.0,1.0,2.875,3.875,1741.0,True,False,True,True,False,False
38:166008,38,75,166008,hotpotqa,8,8,False,True,False,1.0,2.75,2.75,2.0,3.0,1.0,2.75,3.75,1674.75,True,False,True,True,False,False
39:126879,39,75,126879,hotpotqa,8,8,False,True,False,1.0,1.875,1.875,1.0,2.0,1.0,2.875,2.875,1695.625,True,False,True,True,False,False
40:84947,40,75,84947,hotpotqa,8,8,False,True,False,1.0,1.875,1.875,1.0,2.0,1.0,2.875,2.875,1748.25,True,False,True,True,False,False
42:106778,42,75,106778,hotpotqa,8,8,False,True,False,1.0,2.375,2.375,2.0,3.0,1.0,3.0,3.375,1847.375,True,False,True,True,False,False
44:81951,44,75,81951,hotpotqa,8,8,False,True,False,1.0,1.875,1.875,1.0,2.0,1.0,2.875,2.875,1909.125,True,False,True,True,False,False
44:105371,44,75,105371,hotpotqa,8,8,False,True,False,1.0,1.75,1.75,1.0,2.0,1.0,2.75,2.75,1662.25,True,False,True,True,False,False
46:44905,46,76,44905,nq,8,8,False,True,False,1.0,1.75,1.75,1.0,2.0,1.0,2.75,2.75,1552.5,True,False,True,True,False,False
46:28363,46,76,28363,nq,8,8,False,True,False,1.0,1.25,1.25,1.0,2.0,1.0,3.25,2.25,1855.0,True,False,True,True,False,False
46:133468,46,76,133468,hotpotqa,8,8,False,True,False,1.0,1.125,1.125,1.0,2.0,1.0,2.125,2.125,1398.875,True,False,True,True,False,False
47:65042,47,76,65042,nq,8,8,False,True,False,1.0,1.25,1.25,1.0,3.0,2.0,1.25,2.25,1010.75,True,False,True,True,False,False
49:36786,49,76,36786,nq,8,8,False,True,False,1.0,2.875,2.875,2.0,3.0,1.0,2.875,3.875,2056.875,True,False,True,True,False,False
51:90321,51,76,90321,hotpotqa,8,8,False,True,False,1.0,2.75,2.75,2.0,3.0,1.0,2.75,3.75,1782.0,True,False,True,True,False,False
53:23809,53,76,23809,nq,8,8,False,True,False,1.0,1.875,1.875,1.0,2.0,1.0,1.875,2.875,1396.25,True,False,True,True,False,False
54:86004,54,77,86004,hotpotqa,8,8,False,True,False,1.0,1.75,1.75,1.0,2.0,1.0,2.75,2.75,1753.5,True,False,True,True,False,False
55:83312,55,77,83312,hotpotqa,8,8,False,True,False,1.0,1.125,1.125,1.0,2.0,1.0,2.125,2.125,1408.875,True,False,True,True,False,False
56:130502,56,77,130502,hotpotqa,8,8,False,True,False,1.0,2.375,2.375,2.0,3.0,1.0,2.375,3.375,1537.0,True,False,True,True,False,False
57:4183,57,77,4183,nq,8,8,False,True,False,1.0,1.875,1.875,1.0,2.0,1.0,1.875,2.875,1341.0,True,False,True,True,False,False
58:91271,58,77,91271,hotpotqa,8,8,False,True,False,1.0,1.875,1.875,1.0,2.0,1.0,2.875,2.875,1828.375,True,False,True,True,False,False
59:161525,59,77,161525,hotpotqa,8,8,False,True,False,1.0,1.25,1.25,1.0,3.0,2.0,2.25,2.25,1517.25,True,False,True,True,False,False
62:118312,62,77,118312,hotpotqa,8,8,False,True,False,1.0,1.125,1.125,1.0,2.0,1.0,2.125,2.125,1313.625,True,False,True,True,False,False
64:55606,64,78,55606,nq,8,8,False,True,False,1.0,1.125,1.125,1.0,2.0,1.0,2.125,2.125,1355.5,True,False,True,True,False,False
66:153580,66,78,153580,hotpotqa,8,8,False,True,False,1.0,1.875,1.875,1.0,2.0,1.0,2.875,2.875,1637.125,True,False,True,True,False,False
71:103486,71,78,103486,hotpotqa,8,8,False,True,False,1.0,1.625,1.625,1.0,2.0,1.0,1.625,2.625,1085.25,True,False,True,True,False,False
74:93361,74,78,93361,hotpotqa,8,8,False,True,False,1.0,1.25,1.25,1.0,2.0,1.0,2.0,2.25,1268.75,True,False,True,True,False,False
76:150523,76,78,150523,hotpotqa,8,8,False,True,False,1.0,2.375,2.375,2.0,3.0,1.0,2.375,3.375,1584.625,True,False,True,True,False,False
79:141359,79,79,141359,hotpotqa,8,8,False,True,False,1.0,1.5,1.5,1.0,2.0,1.0,1.5,2.5,1066.75,True,False,True,True,False,False
81:44194,81,79,44194,nq,8,8,False,True,False,1.0,1.875,1.875,1.0,2.0,1.0,1.875,2.875,1287.75,True,False,True,True,False,False
85:29993,85,79,29993,nq,8,8,False,True,False,1.0,2.375,2.375,2.0,3.0,1.0,2.375,3.375,1474.625,True,False,True,True,False,False
86:5554,86,79,5554,nq,8,8,False,True,False,1.0,1.375,1.375,1.0,2.0,1.0,1.375,2.375,922.375,True,False,True,True,False,False
90:152428,90,80,152428,hotpotqa,8,8,False,True,False,1.0,2.25,2.25,2.0,3.0,1.0,3.25,3.25,1901.75,True,False,True,True,False,False
90:90167,90,80,90167,hotpotqa,8,8,False,True,False,1.0,2.0,2.0,1.0,3.0,2.0,3.0,3.0,1885.5,True,False,True,True,False,False
91:151625,91,80,151625,hotpotqa,8,8,False,True,False,1.0,1.375,1.375,1.0,2.0,1.0,1.375,2.375,932.125,True,False,True,True,False,False
93:114726,93,80,114726,hotpotqa,8,8,False,True,False,1.0,2.875,2.875,2.0,3.0,1.0,2.875,3.875,1993.375,True,False,True,True,False,False
93:11795,93,80,11795,nq,8,8,False,True,False,1.0,1.125,1.125,1.0,2.0,1.0,1.125,2.125,829.875,True,False,True,True,False,False
93:70097,93,80,70097,nq,8,8,False,True,False,1.0,1.625,1.625,1.0,2.0,1.0,1.625,2.625,1032.0,True,False,True,True,False,False
95:99630,95,80,99630,hotpotqa,8,8,False,True,False,1.0,2.5,2.5,2.0,3.0,1.0,2.5,3.5,1603.0,True,False,True,True,False,False
95:136129,95,80,136129,hotpotqa,8,8,False,True,False,1.0,1.625,1.625,1.0,2.0,1.0,2.0,2.625,1360.125,True,False,True,True,False,False
96:145288,96,80,145288,hotpotqa,8,8,False,True,False,1.0,1.375,1.375,1.0,2.0,1.0,2.375,2.375,1651.25,True,False,True,True,False,False
97:155810,97,80,155810,hotpotqa,8,8,False,True,False,1.0,2.25,2.25,2.0,3.0,1.0,2.25,3.25,1682.75,True,False,True,True,False,False
100:24573,100,81,24573,nq,8,8,False,True,False,1.0,3.75,3.75,2.0,4.0,2.0,3.75,4.75,1986.125,True,False,True,True,False,False
101:143226,101,81,143226,hotpotqa,8,8,False,True,False,1.0,1.125,1.125,1.0,2.0,1.0,2.125,2.125,1461.125,True,False,True,True,False,False
102:142188,102,81,142188,hotpotqa,8,8,False,True,False,1.0,1.375,1.375,1.0,2.0,1.0,2.0,2.375,1310.0,True,False,True,True,False,False
104:17568,104,81,17568,nq,8,8,False,True,False,1.0,1.375,1.375,1.0,2.0,1.0,2.375,2.375,1531.625,True,False,True,True,False,False
106:161108,106,81,161108,hotpotqa,8,8,False,True,False,1.0,2.125,2.125,2.0,3.0,1.0,2.125,3.125,1374.25,True,False,True,True,False,False
107:29328,107,82,29328,nq,8,8,False,True,False,1.0,1.25,1.25,1.0,2.0,1.0,1.25,2.25,858.25,True,False,True,True,False,False
108:151819,108,82,151819,hotpotqa,8,8,False,True,False,1.0,1.75,1.75,1.0,2.0,1.0,2.75,2.75,1821.0,True,False,True,True,False,False
111:124181,111,82,124181,hotpotqa,8,8,False,True,False,1.0,1.625,1.625,1.0,2.0,1.0,1.625,2.625,1041.875,True,False,True,True,False,False
114:39663,114,82,39663,nq,8,8,False,True,False,1.0,3.875,3.875,2.0,5.0,3.0,3.875,4.875,2204.5,True,False,True,True,False,False
117:145328,117,83,145328,hotpotqa,8,8,False,True,False,1.0,1.125,1.125,1.0,2.0,1.0,2.125,2.125,1343.5,True,False,True,True,False,False
117:73099,117,83,73099,nq,8,8,False,True,False,1.0,1.75,1.75,1.0,2.0,1.0,1.75,2.75,1241.25,True,False,True,True,False,False
117:45257,117,83,45257,nq,8,8,False,True,False,1.0,1.125,1.125,1.0,2.0,1.0,2.125,2.125,1285.625,True,False,True,True,False,False
118:39068,118,83,39068,nq,8,8,False,True,False,1.0,1.25,1.25,1.0,2.0,1.0,1.625,2.25,1070.0,True,False,True,True,False,False
123:55112,123,83,55112,nq,8,8,False,True,False,1.0,2.375,2.375,2.0,3.0,1.0,2.375,3.375,1493.25,True,False,True,True,False,False
123:60303,123,83,60303,nq,8,8,False,True,False,1.0,2.375,2.375,2.0,3.0,1.0,2.375,3.375,1749.875,True,False,True,True,False,False
126:87691,126,83,87691,hotpotqa,8,8,False,True,False,1.0,1.75,1.75,1.0,2.0,1.0,2.0,2.75,1229.75,True,False,True,True,False,False
127:53274,127,83,53274,nq,8,8,False,True,False,1.0,1.375,1.375,1.0,2.0,1.0,2.375,2.375,1448.625,True,False,True,True,False,False
128:137656,128,84,137656,hotpotqa,8,8,False,True,False,1.0,1.75,1.75,1.0,2.0,1.0,2.75,2.75,1659.75,True,False,True,True,False,False
129:89801,129,84,89801,hotpotqa,8,8,False,True,False,1.0,1.5,1.5,1.0,2.0,1.0,2.5,2.5,1606.0,True,False,True,True,False,False
136:134563,136,84,134563,hotpotqa,8,8,False,True,False,1.0,1.5,1.5,1.0,2.0,1.0,1.5,2.5,1074.5,True,False,True,True,False,False
139:128386,139,85,128386,hotpotqa,8,8,False,True,False,1.0,1.875,1.875,1.0,2.0,1.0,3.625,2.875,1944.875,True,False,True,True,False,False
140:57077,140,85,57077,nq,8,8,False,True,False,1.0,2.75,2.75,2.0,4.0,2.0,2.75,3.75,1706.375,True,False,True,True,False,False
141:131387,141,85,131387,hotpotqa,8,8,False,True,False,1.0,2.125,2.125,2.0,3.0,1.0,2.125,3.125,1423.75,True,False,True,True,False,False
141:90691,141,85,90691,hotpotqa,8,8,False,True,False,1.0,1.25,1.25,1.0,2.0,1.0,2.25,2.25,1419.75,True,False,True,True,False,False
142:139400,142,85,139400,hotpotqa,8,8,False,True,False,1.0,1.875,1.875,1.0,2.0,1.0,2.875,2.875,1754.625,True,False,True,True,False,False
145:142502,145,85,142502,hotpotqa,8,8,False,True,False,1.0,1.875,1.875,1.0,2.0,1.0,2.875,2.875,1796.125,True,False,True,True,False,False
145:90013,145,85,90013,hotpotqa,8,8,False,True,False,1.0,1.875,1.875,1.0,2.0,1.0,2.0,2.875,1252.625,True,False,True,True,False,False
147:157834,147,86,157834,hotpotqa,8,8,False,True,False,1.0,1.125,1.125,1.0,2.0,1.0,1.125,2.125,1088.0,True,False,True,True,False,False
148:151732,148,86,151732,hotpotqa,8,8,False,True,False,1.0,1.375,1.375,1.0,2.0,1.0,1.75,2.375,1160.0,True,False,True,True,False,False
148:166162,148,86,166162,hotpotqa,8,8,False,True,False,1.0,2.375,2.375,2.0,3.0,1.0,2.375,3.375,1488.625,True,False,True,True,False,False
149:133086,149,86,133086,hotpotqa,8,8,False,True,False,1.0,1.125,1.125,1.0,2.0,1.0,2.125,2.125,1371.375,True,False,True,True,False,False
151:127397,151,86,127397,hotpotqa,8,8,False,True,False,1.0,2.875,2.875,2.0,3.0,1.0,3.875,3.875,2365.875,True,False,True,True,False,False
153:133738,153,86,133738,hotpotqa,8,8,False,True,False,1.0,1.875,1.875,1.0,2.0,1.0,1.875,2.875,1241.25,True,False,True,True,False,False
155:125490,155,87,125490,hotpotqa,8,8,False,True,False,1.0,1.125,1.125,1.0,2.0,1.0,2.125,2.125,1335.875,True,False,True,True,False,False
155:100113,155,87,100113,hotpotqa,8,8,False,True,False,1.0,1.375,1.375,1.0,2.0,1.0,2.0,2.375,1287.625,True,False,True,True,False,False
156:159485,156,87,159485,hotpotqa,8,8,False,True,False,1.0,3.125,3.125,3.0,4.0,1.0,3.125,4.125,1862.25,True,False,True,True,False,False
158:122008,158,87,122008,hotpotqa,8,8,False,True,False,1.0,1.125,1.125,1.0,2.0,1.0,1.125,2.125,866.25,True,False,True,True,False,False
159:148703,159,87,148703,hotpotqa,8,8,False,True,False,1.0,1.75,1.75,1.0,2.0,1.0,2.75,2.75,1618.75,True,False,True,True,False,False
159:69662,159,87,69662,nq,8,8,False,True,False,1.0,1.625,1.625,1.0,2.0,1.0,2.625,2.625,1579.875,True,False,True,True,False,False
161:164022,161,87,164022,hotpotqa,8,8,False,True,False,1.0,1.75,1.75,1.0,2.0,1.0,1.75,2.75,1123.25,True,False,True,True,False,False
162:96613,162,87,96613,hotpotqa,8,8,False,True,False,1.0,1.375,1.375,1.0,2.0,1.0,2.375,2.375,1634.0,True,False,True,True,False,False
163:152901,163,87,152901,hotpotqa,8,8,False,True,False,1.0,6.25,6.25,4.0,7.0,3.0,7.25,7.25,4294.25,True,False,True,True,False,False
165:15228,165,87,15228,nq,8,8,False,True,False,1.0,1.5,1.5,1.0,2.0,1.0,1.5,2.5,1124.0,True,False,True,True,False,False
166:145462,166,88,145462,hotpotqa,8,8,False,True,False,1.0,1.125,1.125,1.0,2.0,1.0,1.125,2.125,790.0,True,False,True,True,False,False
166:158301,166,88,158301,hotpotqa,8,8,False,True,False,1.0,1.625,1.625,1.0,2.0,1.0,2.0,2.625,1314.0,True,False,True,True,False,False
167:108770,167,88,108770,hotpotqa,8,8,False,True,False,1.0,2.5,2.5,1.0,3.0,2.0,3.5,3.5,2118.25,True,False,True,True,False,False
167:113328,167,88,113328,hotpotqa,8,8,False,True,False,1.0,1.125,1.125,1.0,2.0,1.0,1.125,2.125,772.5,True,False,True,True,False,False
169:48120,169,88,48120,nq,8,8,False,True,False,1.0,3.375,3.375,3.0,4.0,1.0,3.375,4.375,2055.5,True,False,True,True,False,False
172:140052,172,88,140052,hotpotqa,8,8,False,True,False,1.0,1.25,1.25,1.0,2.0,1.0,2.25,2.25,1493.0,True,False,True,True,False,False
174:121862,174,88,121862,hotpotqa,8,8,False,True,False,1.0,1.375,1.375,1.0,2.0,1.0,2.375,2.375,1569.0,True,False,True,True,False,False
175:62861,175,89,62861,nq,8,8,False,True,False,1.0,1.375,1.375,1.0,2.0,1.0,2.375,2.375,1461.5,True,False,True,True,False,False
178:32798,178,89,32798,nq,8,8,False,True,False,1.0,2.75,2.75,2.0,3.0,1.0,2.75,3.75,1859.25,True,False,True,True,False,False
179:135151,179,89,135151,hotpotqa,8,8,False,True,False,1.0,2.75,2.75,2.0,3.0,1.0,3.75,3.75,2500.5,True,False,True,True,False,False
182:137019,182,89,137019,hotpotqa,8,8,False,True,False,1.0,1.875,1.875,1.0,2.0,1.0,1.875,2.875,1266.625,True,False,True,True,False,False
185:130562,185,89,130562,hotpotqa,8,8,False,True,False,1.0,1.125,1.125,1.0,2.0,1.0,1.125,2.125,781.125,True,False,True,True,False,False
186:114287,186,90,114287,hotpotqa,8,8,False,True,False,1.0,1.375,1.375,1.0,2.0,1.0,1.375,2.375,1117.0,True,False,True,True,False,False
187:149796,187,90,149796,hotpotqa,8,8,False,True,False,1.0,1.375,1.375,1.0,4.0,3.0,2.375,2.375,1526.125,True,False,True,True,False,False
188:113210,188,90,113210,hotpotqa,8,8,False,True,False,1.0,1.875,1.875,1.0,2.0,1.0,2.875,2.875,1767.875,True,False,True,True,False,False
189:109923,189,90,109923,hotpotqa,8,8,False,True,False,1.0,1.875,1.875,1.0,2.0,1.0,2.875,2.875,1810.75,True,False,True,True,False,False
195:158341,195,90,158341,hotpotqa,8,8,False,True,False,1.0,1.75,1.75,1.0,2.0,1.0,2.0,2.75,1368.25,True,False,True,True,False,False
196:81274,196,90,81274,hotpotqa,8,8,False,True,False,1.0,1.25,1.25,1.0,2.0,1.0,2.25,2.25,1523.875,True,False,True,True,False,False
197:18886,197,91,18886,nq,8,8,False,True,False,1.0,1.125,1.125,1.0,2.0,1.0,2.0,2.125,1252.5,True,False,True,True,False,False
201:37654,201,91,37654,nq,8,8,False,True,False,1.0,1.5,1.5,1.0,2.0,1.0,1.5,2.5,1074.0,True,False,True,True,False,False
203:160989,203,91,160989,hotpotqa,8,8,False,True,False,1.0,1.25,1.25,1.0,2.0,1.0,1.25,2.25,943.25,True,False,True,True,False,False
203:83699,203,91,83699,hotpotqa,8,8,False,True,False,1.0,1.75,1.75,1.0,2.0,1.0,1.75,2.75,1169.5,True,False,True,True,False,False
203:93566,203,91,93566,hotpotqa,8,8,False,True,False,1.0,1.125,1.125,1.0,2.0,1.0,1.125,2.125,905.75,True,False,True,True,False,False
208:118485,208,92,118485,hotpotqa,8,8,False,True,False,1.0,2.625,2.625,2.0,3.0,1.0,3.625,3.625,2190.375,True,False,True,True,False,False
209:29454,209,92,29454,nq,8,8,False,True,False,1.0,1.25,1.25,1.0,3.0,2.0,2.25,2.25,1604.375,True,False,True,True,False,False
211:1917,211,92,1917,nq,8,8,False,True,False,1.0,5.5,5.5,2.0,6.0,4.0,10.5,6.5,4818.125,True,False,True,True,False,False
213:68136,213,92,68136,nq,8,8,False,True,False,1.0,2.5,2.5,2.0,3.0,1.0,2.5,3.5,1445.5,True,False,True,True,False,False
213:63315,213,92,63315,nq,8,8,False,True,False,1.0,2.625,2.625,2.0,3.0,1.0,2.625,3.625,2011.0,True,False,True,True,False,False
214:116915,214,93,116915,hotpotqa,8,8,False,True,False,1.0,1.5,1.5,1.0,2.0,1.0,2.5,2.5,1556.5,True,False,True,True,False,False
214:135052,214,93,135052,hotpotqa,8,8,False,True,False,1.0,1.5,1.5,1.0,2.0,1.0,5.5,2.5,3005.0,True,False,True,True,False,False
215:103649,215,93,103649,hotpotqa,8,8,False,True,False,1.0,2.125,2.125,2.0,3.0,1.0,2.125,3.125,1424.875,True,False,True,True,False,False
215:106619,215,93,106619,hotpotqa,8,8,False,True,False,1.0,3.5,3.5,3.0,4.0,1.0,3.5,4.5,2142.875,True,False,True,True,False,False
216:157166,216,93,157166,hotpotqa,8,8,False,True,False,1.0,2.125,2.125,2.0,3.0,1.0,3.125,3.125,1899.0,True,False,True,True,False,False
221:67744,221,93,67744,nq,8,8,False,True,False,1.0,2.75,2.75,2.0,3.0,1.0,2.75,3.75,1930.0,True,False,True,True,False,False
221:9824,221,93,9824,nq,8,8,False,True,False,1.0,3.75,3.75,2.0,4.0,2.0,3.75,4.75,2442.125,True,False,True,True,False,False
221:45752,221,93,45752,nq,8,8,False,True,False,1.0,1.125,1.125,1.0,2.0,1.0,2.125,2.125,1222.625,True,False,True,True,False,False
222:164440,222,93,164440,hotpotqa,8,8,False,True,False,1.0,1.25,1.25,1.0,2.0,1.0,2.25,2.25,1696.25,True,False,True,True,False,False
225:16966,225,94,16966,nq,8,8,False,True,False,1.0,1.25,1.25,1.0,3.0,2.0,1.25,2.25,897.875,True,False,True,True,False,False
227:93681,227,94,93681,hotpotqa,8,8,False,True,False,1.0,3.375,3.375,3.0,4.0,1.0,3.375,4.375,2416.125,True,False,True,True,False,False
227:112922,227,94,112922,hotpotqa,8,8,False,True,False,1.0,2.875,2.875,2.0,3.0,1.0,2.875,3.875,1821.75,True,False,True,True,False,False
228:139533,228,94,139533,hotpotqa,8,8,False,True,False,1.0,1.75,1.75,1.0,2.0,1.0,1.75,2.75,1269.5,True,False,True,True,False,False
228:129561,228,94,129561,hotpotqa,8,8,False,True,False,1.0,2.5,2.5,2.0,3.0,1.0,2.5,3.5,1431.5,True,False,True,True,False,False
232:131238,232,94,131238,hotpotqa,8,8,False,True,False,1.0,1.375,1.375,1.0,2.0,1.0,2.375,2.375,1485.0,True,False,True,True,False,False
235:169126,235,95,169126,hotpotqa,8,8,False,True,False,1.0,1.875,1.875,1.0,2.0,1.0,2.875,2.875,1767.125,True,False,True,True,False,False
237:6091,237,95,6091,nq,8,8,False,True,False,1.0,1.625,1.625,1.0,2.0,1.0,2.875,2.625,1824.75,True,False,True,True,False,False
237:76935,237,95,76935,nq,8,8,False,True,False,1.0,1.75,1.75,1.0,2.0,1.0,1.75,2.75,1272.25,True,False,True,True,False,False
238:131277,238,95,131277,hotpotqa,8,8,False,True,False,1.0,2.625,2.625,2.0,3.0,1.0,2.625,3.625,1656.125,True,False,True,True,False,False
239:126567,239,95,126567,hotpotqa,8,8,False,True,False,1.0,1.75,1.75,1.0,2.0,1.0,1.75,2.75,1289.75,True,False,True,True,False,False
239:127781,239,95,127781,hotpotqa,8,8,False,True,False,1.0,2.75,2.75,2.0,3.0,1.0,2.75,3.75,1767.0,True,False,True,True,False,False
240:153832,240,95,153832,hotpotqa,8,8,False,True,False,1.0,2.5,2.5,2.0,3.0,1.0,2.5,3.5,1889.75,True,False,True,True,False,False
241:94600,241,95,94600,hotpotqa,8,8,False,True,False,1.0,2.375,2.375,2.0,3.0,1.0,2.375,3.375,1728.125,True,False,True,True,False,False
241:124176,241,95,124176,hotpotqa,8,8,False,True,False,1.0,1.125,1.125,1.0,2.0,1.0,1.125,2.125,825.125,True,False,True,True,False,False
243:75334,243,96,75334,nq,8,8,False,True,False,1.0,1.75,1.75,1.0,2.0,1.0,1.75,2.75,1224.0,True,False,True,True,False,False
244:71094,244,96,71094,nq,8,8,False,True,False,1.0,1.75,1.75,1.0,2.0,1.0,1.75,2.75,1167.0,True,False,True,True,False,False
244:160549,244,96,160549,hotpotqa,8,8,False,True,False,1.0,1.125,1.125,1.0,2.0,1.0,2.125,2.125,1552.375,True,False,True,True,False,False
244:81223,244,96,81223,hotpotqa,8,8,False,True,False,1.0,2.125,2.125,2.0,3.0,1.0,2.125,3.125,1524.625,True,False,True,True,False,False
246:151512,246,96,151512,hotpotqa,8,8,False,True,False,1.0,1.125,1.125,1.0,2.0,1.0,2.125,2.125,1297.375,True,False,True,True,False,False
247:88007,247,96,88007,hotpotqa,8,8,False,True,False,1.0,1.125,1.125,1.0,2.0,1.0,1.125,2.125,928.875,True,False,True,True,False,False
247:60312,247,96,60312,nq,8,8,False,True,False,1.0,2.5,2.5,2.0,3.0,1.0,2.5,3.5,1544.0,True,False,True,True,False,False
250:97125,250,96,97125,hotpotqa,8,8,False,True,False,1.0,2.875,2.875,2.0,3.0,1.0,2.875,3.875,2035.125,True,False,True,True,False,False
253:34166,253,97,34166,nq,8,8,False,True,False,1.0,2.375,2.375,2.0,3.0,1.0,2.375,3.375,1550.625,True,False,True,True,False,False
257:62967,257,97,62967,nq,8,8,False,True,False,1.0,1.5,1.5,1.0,2.0,1.0,1.5,2.5,1023.0,True,False,True,True,False,False
259:46162,259,97,46162,nq,8,8,False,True,False,1.0,2.875,2.875,2.0,3.0,1.0,3.875,3.875,2668.75,True,False,True,True,False,False
259:83820,259,97,83820,hotpotqa,8,8,False,True,False,1.0,1.75,1.75,1.0,2.0,1.0,2.75,2.75,1872.0,True,False,True,True,False,False
260:28437,260,97,28437,nq,8,8,False,True,False,1.0,1.25,1.25,1.0,2.0,1.0,1.25,2.25,935.375,True,False,True,True,False,False
261:150481,261,98,150481,hotpotqa,8,8,False,True,False,1.0,1.875,1.875,1.0,2.0,1.0,2.75,2.875,1594.625,True,False,True,True,False,False
262:74347,262,98,74347,nq,8,8,False,True,False,1.0,2.75,2.75,2.0,3.0,1.0,4.75,3.75,3149.25,True,False,True,True,False,False
263:31161,263,98,31161,nq,8,8,False,True,False,1.0,1.125,1.125,1.0,2.0,1.0,1.375,2.125,1006.125,True,False,True,True,False,False
264:132009,264,98,132009,hotpotqa,8,8,False,True,False,1.0,1.125,1.125,1.0,2.0,1.0,2.0,2.125,1535.0,True,False,True,True,False,False
264:139653,264,98,139653,hotpotqa,8,8,False,True,False,1.0,1.625,1.625,1.0,2.0,1.0,1.625,2.625,1109.25,True,False,True,True,False,False
264:90870,264,98,90870,hotpotqa,8,8,False,True,False,1.0,1.625,1.625,1.0,2.0,1.0,2.625,2.625,1699.75,True,False,True,True,False,False
265:138045,265,98,138045,hotpotqa,8,8,False,True,False,1.0,1.625,1.625,1.0,2.0,1.0,2.625,2.625,1631.75,True,False,True,True,False,False
267:131175,267,98,131175,hotpotqa,8,8,False,True,False,1.0,1.75,1.75,1.0,3.0,2.0,2.75,2.75,1680.5,True,False,True,True,False,False
267:152611,267,98,152611,hotpotqa,8,8,False,True,False,1.0,1.375,1.375,1.0,2.0,1.0,2.375,2.375,1408.375,True,False,True,True,False,False
268:44421,268,98,44421,nq,8,8,False,True,False,1.0,1.625,1.625,1.0,2.0,1.0,1.625,2.625,1029.75,True,False,True,True,False,False
271:155993,271,99,155993,hotpotqa,8,8,False,True,False,1.0,1.75,1.75,1.0,2.0,1.0,1.75,2.75,1296.25,True,False,True,True,False,False
273:102697,273,99,102697,hotpotqa,8,8,False,True,False,1.0,1.375,1.375,1.0,2.0,1.0,2.375,2.375,1682.875,True,False,True,True,False,False
273:80425,273,99,80425,hotpotqa,8,8,False,True,False,1.0,1.75,1.75,1.0,2.0,1.0,2.75,2.75,1704.0,True,False,True,True,False,False
274:1672,274,99,1672,nq,8,8,False,True,False,1.0,2.125,2.125,2.0,3.0,1.0,2.125,3.125,1806.875,True,False,True,True,False,False
278:82186,278,99,82186,hotpotqa,8,8,False,True,False,1.0,1.125,1.125,1.0,2.0,1.0,2.125,2.125,1413.125,True,False,True,True,False,False
281:75925,281,99,75925,nq,8,8,False,True,False,1.0,1.5,1.5,1.0,2.0,1.0,3.5,2.5,2277.125,True,False,True,True,False,False
282:110899,282,100,110899,hotpotqa,8,8,False,True,False,1.0,1.375,1.375,1.0,2.0,1.0,1.375,2.375,1006.5,True,False,True,True,False,False
283:133161,283,100,133161,hotpotqa,8,8,False,True,False,1.0,2.75,2.75,2.0,3.0,1.0,2.75,3.75,1736.5,True,False,True,True,False,False
293:114532,293,100,114532,hotpotqa,8,8,False,True,False,1.0,1.375,1.375,1.0,2.0,1.0,2.375,2.375,1574.375,True,False,True,True,False,False
295:97084,295,101,97084,hotpotqa,8,8,False,True,False,1.0,1.75,1.75,1.0,2.0,1.0,2.75,2.75,1662.0,True,False,True,True,False,False
298:38959,298,101,38959,nq,8,8,False,True,False,1.0,1.5,1.5,1.0,2.0,1.0,1.5,2.5,982.5,True,False,True,True,False,False
300:81151,300,101,81151,hotpotqa,8,8,False,True,False,1.0,1.25,1.25,1.0,2.0,1.0,2.25,2.25,1595.0,True,False,True,True,False,False
302:83223,302,102,83223,hotpotqa,8,8,False,True,False,1.0,2.25,2.25,2.0,3.0,1.0,2.25,3.25,1453.25,True,False,True,True,False,False
303:152248,303,102,152248,hotpotqa,8,8,False,True,False,1.0,1.875,1.875,1.0,2.0,1.0,2.875,2.875,1874.25,True,False,True,True,False,False
305:107421,305,102,107421,hotpotqa,8,8,False,True,False,1.0,1.75,1.75,1.0,2.0,1.0,2.75,2.75,1745.75,True,False,True,True,False,False
306:121677,306,102,121677,hotpotqa,8,8,False,True,False,1.0,2.125,2.125,2.0,3.0,1.0,2.125,3.125,1404.375,True,False,True,True,False,False
309:147823,309,102,147823,hotpotqa,8,8,False,True,False,1.0,1.125,1.125,1.0,2.0,1.0,2.125,2.125,1403.25,True,False,True,True,False,False
311:108773,311,102,108773,hotpotqa,8,8,False,True,False,1.0,1.25,1.25,1.0,2.0,1.0,2.25,2.25,1393.25,True,False,True,True,False,False
312:3971,312,102,3971,nq,8,8,False,True,False,1.0,1.125,1.125,1.0,2.0,1.0,1.25,2.125,933.75,True,False,True,True,False,False
313:158644,313,103,158644,hotpotqa,8,8,False,True,False,1.0,1.625,1.625,1.0,2.0,1.0,2.625,2.625,1648.5,True,False,True,True,False,False
320:91323,320,103,91323,hotpotqa,8,8,False,True,False,1.0,1.5,1.5,1.0,2.0,1.0,1.5,2.5,1173.125,True,False,True,True,False,False
321:15578,321,103,15578,nq,8,8,False,True,False,1.0,1.875,1.875,1.0,2.0,1.0,1.875,2.875,1192.375,True,False,True,True,False,False
325:159980,325,104,159980,hotpotqa,8,8,False,True,False,1.0,1.125,1.125,1.0,2.0,1.0,1.125,2.125,979.375,True,False,True,True,False,False
325:154782,325,104,154782,hotpotqa,8,8,False,True,False,1.0,1.625,1.625,1.0,2.0,1.0,2.625,2.625,1724.0,True,False,True,True,False,False
325:132473,325,104,132473,hotpotqa,8,8,False,True,False,1.0,1.875,1.875,1.0,2.0,1.0,1.875,2.875,1238.875,True,False,True,True,False,False
326:154821,326,104,154821,hotpotqa,8,8,False,True,False,1.0,2.25,2.25,2.0,3.0,1.0,2.25,3.25,1621.75,True,False,True,True,False,False
326:92978,326,104,92978,hotpotqa,8,8,False,True,False,1.0,3.75,3.75,3.0,4.0,1.0,4.75,4.75,2839.5,True,False,True,True,False,False
331:123179,331,104,123179,hotpotqa,8,8,False,True,False,1.0,1.125,1.125,1.0,2.0,1.0,2.125,2.125,1352.75,True,False,True,True,False,False
332:27569,332,104,27569,nq,8,8,False,True,False,1.0,1.75,1.75,1.0,2.0,1.0,1.75,2.75,1118.25,True,False,True,True,False,False
333:54935,333,105,54935,nq,8,8,False,True,False,1.0,1.75,1.75,1.0,2.0,1.0,2.75,2.75,1801.0,True,False,True,True,False,False
333:65082,333,105,65082,nq,8,8,False,True,False,1.0,1.375,1.375,1.0,2.0,1.0,2.375,2.375,1555.75,True,False,True,True,False,False
334:116829,334,105,116829,hotpotqa,8,8,False,True,False,1.0,1.125,1.125,1.0,2.0,1.0,2.125,2.125,1378.75,True,False,True,True,False,False
338:121478,338,105,121478,hotpotqa,8,8,False,True,False,1.0,1.375,1.375,1.0,2.0,1.0,1.375,2.375,884.25,True,False,True,True,False,False
340:143644,340,105,143644,hotpotqa,8,8,False,True,False,1.0,1.25,1.25,1.0,2.0,1.0,1.25,2.25,813.5,True,False,True,True,False,False
346:48117,346,106,48117,nq,8,8,False,True,False,1.0,1.875,1.875,1.0,2.0,1.0,1.875,2.875,1232.25,True,False,True,True,False,False
348:47799,348,106,47799,nq,8,8,False,True,False,1.0,1.375,1.375,1.0,2.0,1.0,2.375,2.375,1481.0,True,False,True,True,False,False
348:111059,348,106,111059,hotpotqa,8,8,False,True,False,1.0,1.125,1.125,1.0,2.0,1.0,3.375,2.125,1922.25,True,False,True,True,False,False
349:125708,349,106,125708,hotpotqa,8,8,False,True,False,1.0,2.875,2.875,2.0,3.0,1.0,3.875,3.875,2501.0,True,False,True,True,False,False
349:99563,349,106,99563,hotpotqa,8,8,False,True,False,1.0,3.875,3.875,3.0,4.0,1.0,3.875,4.875,2347.875,True,False,True,True,False,False
351:136536,351,106,136536,hotpotqa,8,8,False,True,False,1.0,2.375,2.375,2.0,3.0,1.0,2.375,3.375,1825.0,True,False,True,True,False,False
352:93801,352,106,93801,hotpotqa,8,8,False,True,False,1.0,1.375,1.375,1.0,2.0,1.0,2.375,2.375,1511.625,True,False,True,True,False,False
354:68235,354,107,68235,nq,8,8,False,True,False,1.0,2.625,2.625,2.0,4.0,2.0,2.625,3.625,1857.75,True,False,True,True,False,False
354:94337,354,107,94337,hotpotqa,8,8,False,True,False,1.0,1.75,1.75,1.0,2.0,1.0,2.625,2.75,1772.75,True,False,True,True,False,False
359:146349,359,107,146349,hotpotqa,8,8,False,True,False,1.0,1.75,1.75,1.0,2.0,1.0,2.75,2.75,1715.0,True,False,True,True,False,False
364:63657,364,108,63657,nq,8,8,False,True,False,1.0,1.125,1.125,1.0,2.0,1.0,1.125,2.125,873.875,True,False,True,True,False,False
365:159329,365,108,159329,hotpotqa,8,8,False,True,False,1.0,1.75,1.75,1.0,2.0,1.0,1.75,2.75,1056.25,True,False,True,True,False,False
369:2496,369,108,2496,nq,8,8,False,True,False,1.0,1.125,1.125,1.0,2.0,1.0,1.125,2.125,868.875,True,False,True,True,False,False
370:92868,370,108,92868,hotpotqa,8,8,False,True,False,1.0,2.125,2.125,2.0,3.0,1.0,2.125,3.125,1407.875,True,False,True,True,False,False
373:110164,373,108,110164,hotpotqa,8,8,False,True,False,1.0,1.875,1.875,1.0,2.0,1.0,2.875,2.875,2145.75,True,False,True,True,False,False
373:88072,373,108,88072,hotpotqa,8,8,False,True,False,1.0,1.875,1.875,1.0,2.0,1.0,2.0,2.875,1274.5,True,False,True,True,False,False
375:100841,375,109,100841,hotpotqa,8,8,False,True,False,1.0,1.125,1.125,1.0,2.0,1.0,1.125,2.125,912.25,True,False,True,True,False,False
379:149138,379,109,149138,hotpotqa,8,8,False,True,False,1.0,1.125,1.125,1.0,2.0,1.0,2.0,2.125,1254.75,True,False,True,True,False,False
380:80549,380,109,80549,hotpotqa,8,8,False,True,False,1.0,1.5,1.5,1.0,2.0,1.0,1.5,2.5,1177.5,True,False,True,True,False,False
380:17342,380,109,17342,nq,8,8,False,True,False,1.0,1.25,1.25,1.0,2.0,1.0,2.25,2.25,1503.75,True,False,True,True,False,False
384:108668,384,110,108668,hotpotqa,8,8,False,True,False,1.0,2.875,2.875,2.0,3.0,1.0,3.875,3.875,2488.125,True,False,True,True,False,False
388:145512,388,110,145512,hotpotqa,8,8,False,True,False,1.0,2.25,2.25,2.0,3.0,1.0,3.25,3.25,2367.625,True,False,True,True,False,False
392:154664,392,110,154664,hotpotqa,8,8,False,True,False,1.0,1.75,1.75,1.0,2.0,1.0,2.75,2.75,1860.125,True,False,True,True,False,False
398:102949,398,111,102949,hotpotqa,8,8,False,True,False,1.0,1.125,1.125,1.0,2.0,1.0,1.125,2.125,912.0,True,False,True,True,False,False
399:134098,399,111,134098,hotpotqa,8,8,False,True,False,1.0,1.625,1.625,1.0,2.0,1.0,2.625,2.625,1748.125,True,False,True,True,False,False
404:95684,404,111,95684,hotpotqa,8,8,False,True,False,1.0,1.125,1.125,1.0,2.0,1.0,2.125,2.125,1463.25,True,False,True,True,False,False
404:5520,404,111,5520,nq,8,8,False,True,False,1.0,1.5,1.5,1.0,2.0,1.0,1.5,2.5,976.5,True,False,True,True,False,False
410:52661,410,112,52661,nq,8,8,False,True,False,1.0,1.25,1.25,1.0,2.0,1.0,2.25,2.25,1424.75,True,False,True,True,False,False
410:88199,410,112,88199,hotpotqa,8,8,False,True,False,1.0,1.375,1.375,1.0,2.0,1.0,2.0,2.375,1278.5,True,False,True,True,False,False
417:4424,417,113,4424,nq,8,8,False,True,False,1.0,1.5,1.5,1.0,2.0,1.0,1.5,2.5,1274.0,True,False,True,True,False,False
420:84266,420,113,84266,hotpotqa,8,8,False,True,False,1.0,1.375,1.375,1.0,2.0,1.0,1.375,2.375,946.875,True,False,True,True,False,False
421:143709,421,113,143709,hotpotqa,8,8,False,True,False,1.0,1.625,1.625,1.0,2.0,1.0,2.0,2.625,1247.375,True,False,True,True,False,False
426:40006,426,114,40006,nq,8,8,False,True,False,1.0,1.625,1.625,1.0,2.0,1.0,1.625,2.625,1069.5,True,False,True,True,False,False
431:72621,431,114,72621,nq,8,8,False,True,False,1.0,1.75,1.75,1.0,2.0,1.0,1.75,2.75,1286.5,True,False,True,True,False,False
432:70942,432,114,70942,nq,8,8,False,True,False,1.0,1.125,1.125,1.0,2.0,1.0,1.125,2.125,819.625,True,False,True,True,False,False
438:155925,438,115,155925,hotpotqa,8,8,False,True,False,1.0,1.5,1.5,1.0,2.0,1.0,2.5,2.5,1797.0,True,False,True,True,False,False
438:89562,438,115,89562,hotpotqa,8,8,False,True,False,1.0,1.125,1.125,1.0,2.0,1.0,2.125,2.125,1579.375,True,False,True,True,False,False
439:114450,439,115,114450,hotpotqa,8,8,False,True,False,1.0,1.875,1.875,1.0,2.0,1.0,1.875,2.875,1270.25,True,False,True,True,False,False
447:168548,447,116,168548,hotpotqa,8,8,False,True,False,1.0,1.125,1.125,1.0,2.0,1.0,1.125,2.125,903.375,True,False,True,True,False,False
447:110039,447,116,110039,hotpotqa,8,8,False,True,False,1.0,1.125,1.125,1.0,2.0,1.0,1.125,2.125,988.375,True,False,True,True,False,False
453:132143,453,116,132143,hotpotqa,8,8,False,True,False,1.0,1.5,1.5,1.0,2.0,1.0,2.0,2.5,1327.0,True,False,True,True,False,False
459:17334,459,117,17334,nq,8,8,False,True,False,1.0,1.25,1.25,1.0,2.0,1.0,1.625,2.25,1082.0,True,False,True,True,False,False
460:116791,460,117,116791,hotpotqa,8,8,False,True,False,1.0,1.25,1.25,1.0,2.0,1.0,1.25,2.25,864.5,True,False,True,True,False,False
466:108295,466,117,108295,hotpotqa,8,8,False,True,False,1.0,1.875,1.875,1.0,2.0,1.0,2.875,2.875,1894.5,True,False,True,True,False,False
473:135380,473,118,135380,hotpotqa,8,8,False,True,False,1.0,1.75,1.75,1.0,2.0,1.0,2.0,2.75,1328.75,True,False,True,True,False,False
476:90536,476,118,90536,hotpotqa,8,8,False,True,False,1.0,1.75,1.75,1.0,2.0,1.0,1.75,2.75,1360.75,True,False,True,True,False,False
477:113023,477,118,113023,hotpotqa,8,8,False,True,False,1.0,1.375,1.375,1.0,2.0,1.0,2.625,2.375,1610.875,True,False,True,True,False,False
481:90310,481,119,90310,hotpotqa,8,8,False,True,False,1.0,3.5,3.5,3.0,4.0,1.0,3.5,4.5,2335.0,True,False,True,True,False,False
482:148994,482,119,148994,hotpotqa,8,8,False,True,False,1.0,1.125,1.125,1.0,2.0,1.0,1.125,2.125,864.75,True,False,True,True,False,False
485:103170,485,119,103170,hotpotqa,8,8,False,True,False,1.0,1.25,1.25,1.0,2.0,1.0,2.0,2.25,1275.75,True,False,True,True,False,False
489:30418,489,119,30418,nq,8,8,False,True,False,1.0,1.25,1.25,1.0,3.0,2.0,1.25,2.25,898.0,True,False,True,True,False,False
490:105409,490,120,105409,hotpotqa,8,8,False,True,False,1.0,1.375,1.375,1.0,2.0,1.0,2.375,2.375,1720.75,True,False,True,True,False,False
492:88194,492,120,88194,hotpotqa,8,8,False,True,False,1.0,1.625,1.625,1.0,2.0,1.0,2.625,2.625,1656.625,True,False,True,True,False,False
494:85660,494,120,85660,hotpotqa,8,8,False,True,False,1.0,1.875,1.875,1.0,2.0,1.0,1.875,2.875,1248.875,True,False,True,True,False,False
496:120148,496,120,120148,hotpotqa,8,8,False,True,False,1.0,1.25,1.25,1.0,2.0,1.0,1.25,2.25,853.75,True,False,True,True,False,False
497:35710,497,120,35710,nq,8,8,False,True,False,1.0,2.125,2.125,2.0,3.0,1.0,2.125,3.125,1662.0,True,False,True,True,False,False
500:31250,500,120,31250,nq,8,8,False,True,False,1.0,1.125,1.125,1.0,2.0,1.0,1.125,2.125,915.5,True,False,True,True,False,False
