group_id,global_step,uid,data_source,k,cost_min_correct,cost_max_correct,cost_gap,cost_all_mean,queries_all_mean,tokens_all_mean,queries_per_round_mean,efficient_rounds,inefficient_rounds,efficient_queries,inefficient_queries,efficient_tokens,inefficient_tokens,E_max,E_std,efficiency_rank_correct
0:73273,71,73273,nq,8,1.0,2.0,1.0,1.875,2.875,1799.875,1.5625,1.0,2.0,2.0,3.0,1186.0,1887.5714285714287,1.0,0.3535533905932738,True
0:133097,71,133097,hotpotqa,8,1.0,2.0,1.0,1.875,1.875,1192.5,1.0,1.0,2.0,1.0,2.0,685.0,1265.0,1.0,0.3535533905932738,True
1:21451,71,21451,nq,8,1.0,2.0,1.0,1.625,2.625,1624.0,1.6875,1.0,2.0,2.0,3.0,1283.0,1828.6,1.0,0.5175491695067657,True
2:84075,71,84075,hotpotqa,8,1.0,2.0,1.0,1.25,1.25,939.25,1.0,1.0,2.0,1.0,2.0,791.0,1384.0,1.0,0.4629100498862757,True
3:168661,71,168661,hotpotqa,8,2.0,3.0,1.0,2.125,3.125,2057.375,1.4791666666666665,2.0,3.0,3.0,4.0,1986.0,2557.0,1.0,0.3535533905932738,True
5:127435,71,127435,hotpotqa,8,1.0,2.0,1.0,1.875,2.875,1835.25,1.5625,1.0,2.0,2.0,3.0,1340.0,1906.0,1.0,0.3535533905932738,True
6:147267,71,147267,hotpotqa,8,2.0,3.0,1.0,2.125,2.125,1344.5,1.0,2.0,3.0,2.0,3.0,1275.2857142857142,1829.0,1.0,0.3535533905932738,True
10:95147,72,95147,hotpotqa,8,1.0,3.0,2.0,1.75,2.75,1514.875,1.75,1.0,3.0,2.0,4.0,1297.0,1878.0,1.0,0.5175491695067657,True
12:125705,72,125705,hotpotqa,8,2.0,3.0,1.0,2.625,2.625,1841.75,1.0,2.0,3.0,2.0,3.0,1483.0,2057.0,1.0,0.5175491695067657,True
14:121064,72,121064,hotpotqa,8,2.0,3.0,1.0,2.125,2.125,1293.875,1.0,2.0,3.0,2.0,3.0,1228.0,1755.0,1.0,0.3535533905932738,True
18:166147,72,166147,hotpotqa,8,1.0,2.0,1.0,1.75,1.75,1165.5,1.0,1.0,2.0,1.0,2.0,720.0,1314.0,1.0,0.4629100498862757,True
19:47525,72,47525,nq,8,1.0,2.0,1.0,1.5,1.5,1066.5,1.0,1.0,2.0,1.0,2.0,797.0,1336.0,1.0,0.5345224838248488,True
20:134529,72,134529,hotpotqa,8,1.0,4.0,3.0,3.625,4.625,2294.5,1.34375,1.0,4.0,2.0,5.0,1220.0,2448.0,1.0,0.3535533905932738,True
23:123004,73,123004,hotpotqa,8,1.0,2.0,1.0,1.125,1.125,837.75,1.0,1.0,2.0,1.0,2.0,768.0,1326.0,1.0,0.3535533905932738,True
25:163884,73,163884,hotpotqa,8,1.0,2.0,1.0,1.625,2.625,1714.75,1.6875,1.0,2.0,2.0,3.0,1331.0,1945.0,1.0,0.5175491695067657,True
27:20176,73,20176,nq,8,1.0,2.0,1.0,1.25,1.25,995.0,1.0,1.0,2.0,1.0,2.0,856.0,1412.0,1.0,0.4629100498862757,True
27:151061,73,151061,hotpotqa,8,3.0,4.0,1.0,3.125,3.125,1846.75,1.0,3.0,4.0,3.0,4.0,1779.0,2321.0,1.0,0.3535533905932738,True
27:56409,73,56409,nq,8,1.0,2.0,1.0,1.5,1.5,1079.0,1.0,1.0,2.0,1.0,2.0,828.0,1330.0,1.0,0.5345224838248488,True
28:143259,73,143259,hotpotqa,8,1.0,2.0,1.0,1.125,1.125,732.0,1.0,1.0,2.0,1.0,2.0,671.0,1159.0,1.0,0.3535533905932738,True
30:126879,73,126879,hotpotqa,8,1.0,2.0,1.0,1.25,2.25,1388.25,1.875,1.0,2.0,2.0,3.0,1252.0,1797.0,1.0,0.4629100498862757,True
32:82298,73,82298,hotpotqa,8,3.0,4.0,1.0,3.75,4.75,2988.5,1.2708333333333333,3.0,4.0,4.0,5.0,2528.0,3142.0,1.0,0.4629100498862757,True
32:111644,73,111644,hotpotqa,8,2.0,3.0,1.0,2.25,3.25,2033.75,1.4583333333333333,2.0,3.0,3.0,4.0,1883.0,2486.0,1.0,0.4629100498862757,True
36:100281,74,100281,hotpotqa,8,2.0,3.0,1.0,2.875,3.125,1971.5,1.125,2.0,3.0,4.0,3.0,2360.0,1916.0,1.0,0.3535533905932738,True
37:56613,74,56613,nq,8,1.0,2.0,1.0,1.125,1.125,775.625,1.0,1.0,2.0,1.0,2.0,705.0,1270.0,1.0,0.3535533905932738,True
38:2783,74,2783,nq,8,2.0,4.0,2.0,3.5,4.0,2342.0,1.125,2.0,4.0,2.0,4.666666666666667,1283.0,2695.0,1.0,0.4629100498862757,True
39:85637,74,85637,hotpotqa,8,2.0,3.0,1.0,2.875,3.875,2310.75,1.3541666666666665,2.0,3.0,3.0,4.0,1826.0,2380.0,1.0,0.3535533905932738,True
39:10148,74,10148,nq,8,1.0,2.0,1.0,1.625,2.625,1691.125,1.6875,1.0,2.0,2.0,3.0,1358.0,1891.0,1.0,0.5175491695067657,True
41:125892,74,125892,hotpotqa,8,1.0,2.0,1.0,1.375,2.375,1586.5,1.8125,1.0,2.0,2.0,3.0,1532.8,1676.0,1.0,0.5175491695067657,True
41:102080,74,102080,hotpotqa,8,1.0,2.0,1.0,1.625,1.625,1135.875,1.0,1.0,2.0,1.0,2.0,764.0,1359.0,1.0,0.5175491695067657,True
43:160158,74,160158,hotpotqa,8,1.0,2.0,1.0,1.125,2.125,1530.5,1.9375,1.0,2.0,2.0,3.0,1461.0,2017.0,1.0,0.3535533905932738,True
45:60567,75,60567,nq,8,1.0,2.0,1.0,1.5,1.5,1093.0,1.0,1.0,2.0,1.0,2.0,787.0,1399.0,1.0,0.5345224838248488,True
46:83312,75,83312,hotpotqa,8,2.0,3.0,1.0,2.25,3.25,2232.5,1.4583333333333333,2.0,3.0,3.0,4.0,2067.0,2729.0,1.0,0.4629100498862757,True
48:21972,75,21972,nq,8,1.0,2.0,1.0,1.375,1.375,910.875,1.0,1.0,2.0,1.0,2.0,720.0,1229.0,1.0,0.5175491695067657,True
49:91271,75,91271,hotpotqa,8,1.0,2.0,1.0,1.125,2.125,1405.0,1.9375,1.0,2.0,2.0,3.0,1353.0,1769.0,1.0,0.3535533905932738,True
50:144181,75,144181,hotpotqa,8,1.0,2.0,1.0,1.125,1.125,838.5,1.0,1.0,2.0,1.0,2.0,778.0,1262.0,1.0,0.3535533905932738,True
52:128279,75,128279,hotpotqa,8,1.0,3.0,2.0,1.75,2.75,1631.625,1.75,1.0,3.0,2.0,4.0,1206.0,2341.0,1.0,0.5175491695067657,True
57:104500,76,104500,hotpotqa,8,2.0,3.0,1.0,2.125,2.375,1528.75,1.0833333333333335,2.0,3.0,2.0,5.0,1386.0,2528.0,1.0,0.3535533905932738,True
57:133231,76,133231,hotpotqa,8,1.0,2.0,1.0,1.125,2.125,1367.125,1.9375,1.0,2.0,2.0,3.0,1297.0,1858.0,1.0,0.3535533905932738,True
58:37634,76,37634,nq,8,2.0,3.0,1.0,2.625,2.625,1710.125,1.0,2.0,3.0,2.0,3.0,1393.6666666666667,1900.0,1.0,0.5175491695067657,True
59:149975,76,149975,hotpotqa,8,1.0,2.0,1.0,1.5,2.0,1258.5,1.5,1.0,2.0,2.0,2.0,1249.0,1268.0,1.0,0.5345224838248488,True
61:130417,76,130417,hotpotqa,8,2.0,3.0,1.0,2.625,3.625,2073.875,1.3958333333333333,2.0,3.0,3.0,4.0,1969.0,2136.8,1.0,0.5175491695067657,True
64:69292,76,69292,nq,8,1.0,2.0,1.0,1.5,1.5,1064.125,1.0,1.0,2.0,1.0,2.0,797.25,1331.0,1.0,0.5345224838248488,True
66:125552,76,125552,hotpotqa,8,1.0,2.0,1.0,1.375,1.375,1074.5,1.0,1.0,2.0,1.0,2.0,869.0,1417.0,1.0,0.5175491695067657,True
67:125704,77,125704,hotpotqa,8,1.0,2.0,1.0,1.375,1.375,999.75,1.0,1.0,2.0,1.0,2.0,819.0,1301.0,1.0,0.5175491695067657,True
67:150523,77,150523,hotpotqa,8,2.0,3.0,1.0,2.375,2.375,1582.375,1.0,2.0,3.0,2.0,3.0,1372.0,1933.0,1.0,0.5175491695067657,True
69:4500,77,4500,nq,8,1.0,2.0,1.0,1.625,2.625,1903.625,1.6875,1.0,2.0,2.0,3.0,1468.0,2165.0,1.0,0.5175491695067657,True
69:144168,77,144168,hotpotqa,8,2.0,4.0,2.0,3.75,3.75,2378.875,1.0,2.0,4.0,2.0,4.0,1369.0,2523.1428571428573,1.0,0.3535533905932738,True
70:139504,77,139504,hotpotqa,8,1.0,2.0,1.0,1.875,2.0,1351.75,1.125,1.0,2.0,2.0,2.0,1315.0,1357.0,1.0,0.3535533905932738,True
70:8454,77,8454,nq,8,1.0,2.0,1.0,1.25,1.25,864.5,1.0,1.0,2.0,1.0,2.0,740.0,1238.0,1.0,0.4629100498862757,True
74:146644,77,146644,hotpotqa,8,1.0,2.0,1.0,1.875,2.875,1731.0,1.5625,1.0,2.0,2.0,3.0,1283.0,1795.0,1.0,0.3535533905932738,True
76:57718,77,57718,nq,8,1.0,2.0,1.0,1.25,2.0,1393.5,1.75,1.0,2.0,2.0,2.0,1396.0,1386.0,1.0,0.4629100498862757,True
81:117296,78,117296,hotpotqa,8,1.0,2.0,1.0,1.375,2.375,1668.25,1.8125,1.0,2.0,2.0,3.0,1435.0,2057.0,1.0,0.5175491695067657,True
82:29776,78,29776,nq,8,1.0,2.0,1.0,1.375,1.375,1017.0,1.0,1.0,2.0,1.0,2.0,786.0,1402.0,1.0,0.5175491695067657,True
84:114726,78,114726,hotpotqa,8,2.0,3.0,1.0,2.25,2.25,1608.0,1.0,2.0,3.0,2.0,3.0,1450.3333333333333,2081.0,1.0,0.4629100498862757,True
85:37710,78,37710,nq,8,1.0,2.0,1.0,1.375,2.375,1587.875,1.8125,1.0,2.0,2.0,3.0,1373.0,1946.0,1.0,0.5175491695067657,True
85:47640,78,47640,nq,8,1.0,2.0,1.0,1.125,1.125,807.0,1.0,1.0,2.0,1.0,2.0,736.0,1304.0,1.0,0.3535533905932738,True
86:120807,79,120807,hotpotqa,8,2.0,4.0,2.0,3.75,4.75,2540.125,1.28125,2.0,4.0,3.0,5.0,1915.0,2629.4285714285716,1.0,0.3535533905932738,True
88:86989,79,86989,hotpotqa,8,1.0,2.0,1.0,1.125,2.0,1350.625,1.875,1.0,2.0,2.0,2.0,1352.857142857143,1335.0,1.0,0.3535533905932738,True
89:64281,79,64281,nq,8,1.0,2.0,1.0,1.625,1.625,1196.25,1.0,1.0,2.0,1.0,2.0,855.0,1401.0,1.0,0.5175491695067657,True
90:148304,79,148304,hotpotqa,8,1.0,2.0,1.0,1.875,2.875,1720.125,1.5625,1.0,2.0,2.0,3.0,1182.0,1797.0,1.0,0.3535533905932738,True
92:143226,79,143226,hotpotqa,8,1.0,2.0,1.0,1.5,2.5,1677.5,1.75,1.0,2.0,2.0,3.0,1385.0,1970.0,1.0,0.5345224838248488,True
92:50760,79,50760,nq,8,1.0,2.0,1.0,1.375,2.625,1816.0,2.25,1.0,2.0,3.0,2.0,1906.0,1666.0,1.0,0.5175491695067657,True
93:36402,79,36402,nq,8,1.0,2.0,1.0,1.125,1.125,867.375,1.0,1.0,2.0,1.0,2.0,804.0,1311.0,1.0,0.3535533905932738,True
97:142420,80,142420,hotpotqa,8,1.0,2.0,1.0,1.25,1.25,900.75,1.0,1.0,2.0,1.0,2.0,756.0,1335.0,1.0,0.4629100498862757,True
98:112044,80,112044,hotpotqa,8,1.0,2.0,1.0,1.625,1.625,1092.125,1.0,1.0,2.0,1.0,2.0,744.0,1301.0,1.0,0.5175491695067657,True
100:90550,80,90550,hotpotqa,8,1.0,2.0,1.0,1.875,2.0,1183.875,1.125,1.0,2.0,2.0,2.0,1148.0,1189.0,1.0,0.3535533905932738,True
104:27175,80,27175,nq,8,1.0,2.0,1.0,1.25,2.0,1255.0,1.75,1.0,2.0,2.0,2.0,1266.0,1222.0,1.0,0.4629100498862757,True
104:35289,80,35289,nq,8,2.0,3.0,1.0,2.75,2.75,1813.5,1.0,2.0,3.0,2.0,3.0,1335.0,1973.0,1.0,0.4629100498862757,True
107:36816,81,36816,nq,8,1.0,2.0,1.0,1.25,1.25,890.0,1.0,1.0,2.0,1.0,2.0,731.0,1367.0,1.0,0.4629100498862757,True
110:55164,81,55164,nq,8,1.0,3.0,2.0,2.5,3.5,1745.0,1.4583333333333333,1.0,3.0,2.0,4.0,1287.0,1975.0,1.0,0.3779644730092272,True
110:123306,81,123306,hotpotqa,8,1.0,2.0,1.0,1.25,1.25,907.25,1.0,1.0,2.0,1.0,2.0,784.0,1277.0,1.0,0.4629100498862757,True
110:157805,81,157805,hotpotqa,8,1.0,2.0,1.0,1.875,1.875,1191.5,1.0,1.0,2.0,1.0,2.0,691.0,1263.0,1.0,0.3535533905932738,True
110:126170,81,126170,hotpotqa,8,1.0,2.0,1.0,1.125,2.125,1427.875,1.9375,1.0,2.0,2.0,3.0,1337.857142857143,2058.0,1.0,0.3535533905932738,True
113:86348,81,86348,hotpotqa,8,1.0,6.0,5.0,2.375,3.375,1949.0,1.5208333333333335,1.0,6.0,2.0,7.0,1267.0,3459.0,1.0,0.3011881234615431,True
115:40396,81,40396,nq,8,2.0,3.0,1.0,2.375,2.375,1531.25,1.0,2.0,3.0,2.0,3.0,1298.0,1920.0,1.0,0.5175491695067657,True
117:26045,81,26045,nq,8,1.0,2.0,1.0,1.375,2.375,1463.75,1.8125,1.0,2.0,2.0,3.0,1244.0,1830.0,1.0,0.5175491695067657,True
120:60231,82,60231,nq,8,1.0,2.0,1.0,1.125,1.125,739.625,1.0,1.0,2.0,1.0,2.0,677.0,1178.0,1.0,0.3535533905932738,True
120:127121,82,127121,hotpotqa,8,2.0,3.0,1.0,2.375,2.375,1518.5,1.0,2.0,3.0,2.0,3.0,1295.0,1891.0,1.0,0.5175491695067657,True
121:110256,82,110256,hotpotqa,8,1.0,3.0,2.0,1.25,2.25,1629.75,1.9166666666666665,1.0,3.0,2.0,4.0,1457.0,2839.0,1.0,0.3535533905932738,True
122:154682,82,154682,hotpotqa,8,1.0,2.0,1.0,1.625,2.625,1690.625,1.6875,1.0,2.0,2.0,3.0,1340.0,1901.0,1.0,0.5175491695067657,True
123:20129,82,20129,nq,8,1.0,2.0,1.0,1.375,2.375,1467.125,1.8125,1.0,2.0,2.0,3.0,1245.6,1836.3333333333333,1.0,0.5175491695067657,True
124:47170,82,47170,nq,8,1.0,2.0,1.0,1.25,2.25,1490.25,1.875,1.0,2.0,2.0,3.0,1353.0,1902.0,1.0,0.4629100498862757,True
125:126342,82,126342,hotpotqa,8,1.0,2.0,1.0,1.75,2.75,1834.25,1.625,1.0,2.0,2.0,3.0,1337.0,2000.0,1.0,0.4629100498862757,True
126:106223,82,106223,hotpotqa,8,1.0,2.0,1.0,1.75,2.75,1688.75,1.625,1.0,2.0,2.0,3.0,1148.0,1869.0,1.0,0.4629100498862757,True
127:164124,82,164124,hotpotqa,8,1.0,2.0,1.0,1.875,1.875,1238.0,1.0,1.0,2.0,1.0,2.0,741.0,1309.0,1.0,0.3535533905932738,True
127:84953,82,84953,hotpotqa,8,2.0,3.0,1.0,2.125,2.125,1394.0,1.0,2.0,3.0,2.0,3.0,1325.5714285714287,1873.0,1.0,0.3535533905932738,True
127:87482,82,87482,hotpotqa,8,2.0,3.0,1.0,2.875,2.875,1785.0,1.0,2.0,3.0,2.0,3.0,1316.0,1852.0,1.0,0.3535533905932738,True
133:161211,83,161211,hotpotqa,8,1.0,2.0,1.0,1.75,2.75,1682.875,1.625,1.0,2.0,2.0,3.0,1247.5,1828.0,1.0,0.4629100498862757,True
136:137847,83,137847,hotpotqa,8,3.0,4.0,1.0,3.25,3.25,1950.5,1.0,3.0,4.0,3.0,4.0,1818.0,2348.0,1.0,0.4629100498862757,True
140:150983,83,150983,hotpotqa,8,2.0,6.0,4.0,4.0,4.0,2524.0,1.0,2.0,6.0,2.0,6.0,1265.0,3783.0,1.0,0.5345224838248488,True
140:26390,83,26390,nq,8,1.0,2.0,1.0,1.5,2.5,1489.0,1.75,1.0,2.0,2.0,3.0,1222.0,1756.0,1.0,0.5345224838248488,True
142:85064,83,85064,hotpotqa,8,1.0,2.0,1.0,1.75,2.75,1665.75,1.625,1.0,2.0,2.0,3.0,1266.0,1799.0,1.0,0.4629100498862757,True
145:81602,84,81602,hotpotqa,8,2.0,3.0,1.0,2.125,3.125,2298.25,1.4791666666666665,2.0,3.0,3.0,4.0,2278.285714285714,2438.0,1.0,0.3535533905932738,True
147:104676,84,104676,hotpotqa,8,1.0,3.0,2.0,2.0,3.0,1742.0,1.6666666666666665,1.0,3.0,2.0,4.0,1384.0,2100.0,1.0,0.5345224838248488,True
147:105199,84,105199,hotpotqa,8,2.0,3.0,1.0,2.125,2.125,1375.25,1.0,2.0,3.0,2.0,3.0,1298.0,1916.0,1.0,0.3535533905932738,True
149:151586,84,151586,hotpotqa,8,1.0,2.0,1.0,1.625,1.625,1037.125,1.0,1.0,2.0,1.0,2.0,674.0,1255.0,1.0,0.5175491695067657,True
149:125153,84,125153,hotpotqa,8,1.0,2.0,1.0,1.75,2.75,1275.5,1.625,1.0,2.0,2.0,3.0,1211.0,1297.0,1.0,0.4629100498862757,True
152:99976,84,99976,hotpotqa,8,3.0,6.0,3.0,3.375,8.375,4425.125,2.5625,3.0,6.0,8.0,11.0,4239.0,5728.0,1.0,0.3535533905932738,True
152:58041,84,58041,nq,8,1.0,2.0,1.0,1.125,1.125,841.75,1.0,1.0,2.0,1.0,2.0,781.0,1267.0,1.0,0.3535533905932738,True
154:142624,85,142624,hotpotqa,8,1.0,2.0,1.0,1.5,3.5,2106.0,2.75,1.0,2.0,4.0,3.0,2333.0,1879.0,1.0,0.5345224838248488,True
155:55495,85,55495,nq,8,1.0,2.0,1.0,1.875,2.875,1797.125,1.5625,1.0,2.0,2.0,3.0,1301.0,1868.0,1.0,0.3535533905932738,True
156:106097,85,106097,hotpotqa,8,2.0,3.0,1.0,2.375,3.375,2345.0,1.4375,2.0,3.0,3.0,4.0,2102.0,2750.0,1.0,0.5175491695067657,True
156:1169,85,1169,nq,8,1.0,2.0,1.0,1.5,1.5,1056.5,1.0,1.0,2.0,1.0,2.0,777.0,1336.0,1.0,0.5345224838248488,True
156:45867,85,45867,nq,8,1.0,2.0,1.0,1.75,2.75,1814.125,1.625,1.0,2.0,2.0,3.0,1323.0,1977.8333333333333,1.0,0.4629100498862757,True
157:99609,85,99609,hotpotqa,8,1.0,2.0,1.0,1.5,1.5,1080.5,1.0,1.0,2.0,1.0,2.0,773.0,1388.0,1.0,0.5345224838248488,True
158:140010,85,140010,hotpotqa,8,2.0,3.0,1.0,2.25,3.25,2016.0,1.4583333333333333,2.0,3.0,3.0,4.0,1869.0,2457.0,1.0,0.4629100498862757,True
158:87284,85,87284,hotpotqa,8,1.0,2.0,1.0,1.5,2.0,1285.0,1.25,1.0,2.0,1.0,3.0,745.0,1825.0,1.0,0.5345224838248488,True
159:119287,85,119287,hotpotqa,8,2.0,4.0,2.0,2.5,2.75,1515.75,1.0625,2.0,4.0,2.0,5.0,1209.0,2436.0,1.0,0.4629100498862757,True
163:72057,85,72057,nq,8,1.0,2.0,1.0,1.625,2.625,1576.875,1.6875,1.0,2.0,2.0,3.0,1194.0,1806.6,1.0,0.5175491695067657,True
165:106558,86,106558,hotpotqa,8,2.0,4.0,2.0,2.25,2.25,1498.5,1.0,2.0,4.0,2.0,4.0,1362.0,2454.0,1.0,0.3535533905932738,True
165:129210,86,129210,hotpotqa,8,1.0,2.0,1.0,1.625,2.625,1734.125,1.6875,1.0,2.0,2.0,3.0,1346.0,1967.0,1.0,0.5175491695067657,True
166:16635,86,16635,nq,8,2.0,3.0,1.0,2.375,3.375,1994.25,1.4375,2.0,3.0,3.0,4.0,1780.0,2351.3333333333335,1.0,0.5175491695067657,True
166:114678,86,114678,hotpotqa,8,3.0,4.0,1.0,3.25,4.25,2555.25,1.3125,3.0,4.0,4.0,5.0,2422.0,2955.0,1.0,0.4629100498862757,True
168:142017,86,142017,hotpotqa,8,1.0,2.0,1.0,1.25,1.25,863.25,1.0,1.0,2.0,1.0,2.0,737.0,1242.0,1.0,0.4629100498862757,True
169:32798,86,32798,nq,8,2.0,5.0,3.0,3.5,3.5,2280.5,1.0,2.0,5.0,2.0,5.0,1403.0,3158.0,1.0,0.5345224838248488,True
169:77415,86,77415,nq,8,1.0,2.0,1.0,1.125,1.125,823.625,1.0,1.0,2.0,1.0,2.0,750.0,1339.0,1.0,0.3535533905932738,True
170:134718,86,134718,hotpotqa,8,1.0,2.0,1.0,1.25,1.25,844.5,1.0,1.0,2.0,1.0,2.0,713.3333333333334,1238.0,1.0,0.4629100498862757,True
176:100237,86,100237,hotpotqa,8,3.0,4.0,1.0,3.875,3.875,2293.625,1.0,3.0,4.0,3.0,4.0,1836.0,2359.0,1.0,0.3535533905932738,True
177:88850,87,88850,hotpotqa,8,2.0,3.0,1.0,2.625,3.625,2484.625,1.3958333333333333,2.0,3.0,3.0,4.0,2009.0,2770.0,1.0,0.5175491695067657,True
177:168047,87,168047,hotpotqa,8,1.0,2.0,1.0,1.25,1.25,1033.0,1.0,1.0,2.0,1.0,2.0,879.0,1495.0,1.0,0.4629100498862757,True
178:134777,87,134777,hotpotqa,8,3.0,4.0,1.0,3.25,4.25,2586.875,1.3125,3.0,4.0,4.0,5.0,2469.1666666666665,2940.0,1.0,0.4629100498862757,True
178:158484,87,158484,hotpotqa,8,1.0,3.0,2.0,2.5,3.5,2203.0,1.4583333333333333,1.0,3.0,2.0,4.0,1237.0,2511.0,1.0,0.3779644730092272,True
179:154460,87,154460,hotpotqa,8,3.0,5.0,2.0,4.375,4.375,2685.0,1.0,3.0,5.0,3.0,5.0,1879.0,3041.0,1.0,0.37201190457142247,True
179:119947,87,119947,hotpotqa,8,1.0,2.0,1.0,1.875,1.875,1326.5,1.0,1.0,2.0,1.0,2.0,820.0,1398.857142857143,1.0,0.3535533905932738,True
181:109981,87,109981,hotpotqa,8,2.0,3.0,1.0,2.75,4.5,2683.75,1.625,2.0,3.0,3.0,5.0,1876.0,2953.0,1.0,0.4629100498862757,True
185:147990,87,147990,hotpotqa,8,1.0,2.0,1.0,1.125,2.125,1630.625,1.9375,1.0,2.0,2.0,3.0,1539.0,2272.0,1.0,0.3535533905932738,True
186:80545,87,80545,hotpotqa,8,1.0,2.0,1.0,1.875,2.875,1738.75,1.5625,1.0,2.0,2.0,3.0,1283.0,1803.857142857143,1.0,0.3535533905932738,True
189:86147,88,86147,hotpotqa,8,2.0,3.0,1.0,2.125,2.125,1299.875,1.0,2.0,3.0,2.0,3.0,1233.0,1768.0,1.0,0.3535533905932738,True
191:85015,88,85015,hotpotqa,8,1.0,2.0,1.0,1.875,1.875,1400.75,1.0,1.0,2.0,1.0,2.0,853.0,1479.0,1.0,0.3535533905932738,True
191:155851,88,155851,hotpotqa,8,1.0,2.0,1.0,1.75,1.75,1282.5,1.0,1.0,2.0,1.0,2.0,834.0,1432.0,1.0,0.4629100498862757,True
197:112165,88,112165,hotpotqa,8,2.0,3.0,1.0,2.875,2.875,1751.75,1.0,2.0,3.0,2.0,3.0,1225.0,1827.0,1.0,0.3535533905932738,True
197:153519,88,153519,hotpotqa,8,3.0,4.0,1.0,3.25,3.25,2166.0,1.0,3.0,4.0,3.0,4.0,2019.0,2607.0,1.0,0.4629100498862757,True
199:136151,88,136151,hotpotqa,8,1.0,2.0,1.0,1.75,1.75,1154.875,1.0,1.0,2.0,1.0,2.0,766.0,1284.5,1.0,0.4629100498862757,True
199:9013,88,9013,nq,8,2.0,3.0,1.0,2.625,3.625,2297.375,1.3958333333333333,2.0,3.0,3.0,4.0,1917.0,2525.6,1.0,0.5175491695067657,True
201:92689,88,92689,hotpotqa,8,2.0,3.0,1.0,2.5,2.5,1614.5,1.0,2.0,3.0,2.0,3.0,1327.0,1902.0,1.0,0.5345224838248488,True
202:55134,88,55134,nq,8,2.0,3.0,1.0,2.75,3.5,2256.5,1.25,2.0,3.0,2.0,4.0,1411.5,2538.1666666666665,1.0,0.4629100498862757,True
203:163088,89,163088,hotpotqa,8,1.0,2.0,1.0,1.375,2.375,1548.125,1.8125,1.0,2.0,2.0,3.0,1280.0,1995.0,1.0,0.5175491695067657,True
205:132610,89,132610,hotpotqa,8,3.0,4.0,1.0,3.75,3.75,2435.625,1.0,3.0,4.0,3.0,4.0,2027.0,2571.8333333333335,1.0,0.4629100498862757,True
205:108889,89,108889,hotpotqa,8,1.0,2.0,1.0,1.875,1.875,1353.75,1.0,1.0,2.0,1.0,2.0,785.0,1435.0,1.0,0.3535533905932738,True
205:144438,89,144438,hotpotqa,8,3.0,4.0,1.0,3.625,3.625,2095.375,1.0,3.0,4.0,3.0,4.0,1767.0,2292.4,1.0,0.5175491695067657,True
206:106619,89,106619,hotpotqa,8,4.0,5.0,1.0,4.25,4.25,2205.75,1.0,4.0,5.0,4.0,5.0,1917.0,3072.0,1.0,0.4629100498862757,True
209:21060,89,21060,nq,8,1.0,2.0,1.0,1.625,1.625,1058.625,1.0,1.0,2.0,1.0,2.0,718.0,1263.0,1.0,0.5175491695067657,True
209:126440,89,126440,hotpotqa,8,1.0,2.0,1.0,1.625,2.625,1766.5,1.6875,1.0,2.0,2.0,3.0,1424.0,1972.0,1.0,0.5175491695067657,True
210:151309,89,151309,hotpotqa,8,2.0,3.0,1.0,2.125,2.125,1384.875,1.0,2.0,3.0,2.0,3.0,1300.142857142857,1978.0,1.0,0.3535533905932738,True
211:30346,89,30346,nq,8,1.0,2.0,1.0,1.25,2.0,1377.25,1.375,1.0,2.0,1.0,5.0,841.0,2986.0,1.0,0.4629100498862757,True
217:108450,90,108450,hotpotqa,8,1.0,2.0,1.0,1.25,3.25,2211.0,2.75,1.0,2.0,3.0,4.0,2050.0,2694.0,1.0,0.4629100498862757,True
218:117326,90,117326,hotpotqa,8,1.0,2.0,1.0,1.875,1.875,1281.5,1.0,1.0,2.0,1.0,2.0,753.0,1357.0,1.0,0.3535533905932738,True
219:120368,90,120368,hotpotqa,8,2.0,3.0,1.0,2.5,2.5,1489.125,1.0,2.0,3.0,2.0,3.0,1206.0,1772.25,1.0,0.5345224838248488,True
220:101168,90,101168,hotpotqa,8,1.0,2.0,1.0,1.25,2.25,1631.5,1.875,1.0,2.0,2.0,3.0,1472.0,2110.0,1.0,0.4629100498862757,True
223:92621,91,92621,hotpotqa,8,2.0,3.0,1.0,2.875,2.875,1881.0,1.0,2.0,3.0,2.0,3.0,1321.0,1961.0,1.0,0.3535533905932738,True
223:108988,91,108988,hotpotqa,8,1.0,2.0,1.0,1.5,2.5,1661.0,1.75,1.0,2.0,2.0,3.0,1340.0,1982.0,1.0,0.5345224838248488,True
223:164815,91,164815,hotpotqa,8,3.0,4.0,1.0,3.125,4.125,2329.75,1.3229166666666665,3.0,4.0,4.0,5.0,2265.0,2783.0,1.0,0.3535533905932738,True
225:42120,91,42120,nq,8,1.0,2.0,1.0,1.5,2.0,1350.0,1.5,1.0,2.0,2.0,2.0,1334.0,1366.0,1.0,0.5345224838248488,True
225:126112,91,126112,hotpotqa,8,2.0,3.0,1.0,2.25,2.25,1423.75,1.0,2.0,3.0,2.0,3.0,1263.0,1906.0,1.0,0.4629100498862757,True
225:139718,91,139718,hotpotqa,8,1.0,2.0,1.0,1.125,2.125,1387.375,1.9375,1.0,2.0,2.0,3.0,1304.0,1971.0,1.0,0.3535533905932738,True
232:112454,92,112454,hotpotqa,8,3.0,4.0,1.0,3.75,4.75,2995.25,1.2708333333333333,3.0,4.0,4.0,5.0,2530.0,3150.3333333333335,1.0,0.4629100498862757,True
234:121330,92,121330,hotpotqa,8,1.0,2.0,1.0,1.875,2.875,1831.125,1.5625,1.0,2.0,2.0,3.0,1328.0,1903.0,1.0,0.3535533905932738,True
234:99482,92,99482,hotpotqa,8,2.0,3.0,1.0,2.125,3.125,1838.375,1.4791666666666665,2.0,3.0,3.0,4.0,1769.0,2324.0,1.0,0.3535533905932738,True
239:91821,93,91821,hotpotqa,8,1.0,2.0,1.0,1.625,1.625,1197.5,1.0,1.0,2.0,1.0,2.0,815.0,1427.0,1.0,0.5175491695067657,True
239:62145,93,62145,nq,8,1.0,2.0,1.0,1.125,2.125,1505.75,1.9375,1.0,2.0,2.0,3.0,1423.0,2085.0,1.0,0.3535533905932738,True
239:74645,93,74645,nq,8,1.0,2.0,1.0,1.375,3.375,1866.25,2.625,1.0,2.0,3.0,4.0,1675.0,2185.0,1.0,0.5175491695067657,True
240:63261,93,63261,nq,8,1.0,2.0,1.0,1.5,1.5,1029.25,1.0,1.0,2.0,1.0,2.0,750.0,1308.5,1.0,0.5345224838248488,True
240:159785,93,159785,hotpotqa,8,1.0,2.0,1.0,1.75,2.75,1749.25,1.625,1.0,2.0,2.0,3.0,1345.0,1884.0,1.0,0.4629100498862757,True
243:146926,93,146926,hotpotqa,8,1.0,2.0,1.0,1.5,2.5,1540.0,1.75,1.0,2.0,2.0,3.0,1225.0,1855.0,1.0,0.5345224838248488,True
244:37221,93,37221,nq,8,2.0,3.0,1.0,2.75,2.75,1722.875,1.0,2.0,3.0,2.0,3.0,1314.0,1859.1666666666667,1.0,0.4629100498862757,True
247:166246,93,166246,hotpotqa,8,1.0,2.0,1.0,1.75,2.75,1676.75,1.625,1.0,2.0,2.0,3.0,1256.0,1817.0,1.0,0.4629100498862757,True
251:18431,94,18431,nq,8,1.0,3.0,2.0,2.75,2.875,1926.625,1.125,1.0,3.0,2.0,3.0,1364.0,2007.0,1.0,0.3535533905932738,True
252:143876,94,143876,hotpotqa,8,1.0,2.0,1.0,1.75,2.75,1735.5,1.625,1.0,2.0,2.0,3.0,1347.0,1865.0,1.0,0.4629100498862757,True
253:23153,94,23153,nq,8,1.0,2.0,1.0,1.5,1.5,1112.0,1.0,1.0,2.0,1.0,2.0,802.0,1422.0,1.0,0.5345224838248488,True
254:83489,94,83489,hotpotqa,8,1.0,2.0,1.0,1.75,1.75,1156.25,1.0,1.0,2.0,1.0,2.0,812.0,1271.0,1.0,0.4629100498862757,True
255:73296,94,73296,nq,8,1.0,2.0,1.0,1.25,1.25,776.75,1.0,1.0,2.0,1.0,2.0,646.0,1169.0,1.0,0.4629100498862757,True
257:105141,94,105141,hotpotqa,8,1.0,2.0,1.0,1.625,2.625,1733.5,1.6875,1.0,2.0,2.0,3.0,1311.0,1987.0,1.0,0.5175491695067657,True
259:26210,94,26210,nq,8,1.0,2.0,1.0,1.375,1.375,988.375,1.0,1.0,2.0,1.0,2.0,772.0,1349.0,1.0,0.5175491695067657,True
262:110368,95,110368,hotpotqa,8,3.0,4.0,1.0,3.75,3.75,2378.0,1.0,3.0,4.0,3.0,4.0,1932.0,2526.6666666666665,1.0,0.4629100498862757,True
263:110239,95,110239,hotpotqa,8,1.0,2.0,1.0,1.75,2.75,1806.5,1.625,1.0,2.0,2.0,3.0,1367.0,1953.0,1.0,0.4629100498862757,True
263:150558,95,150558,hotpotqa,8,2.0,3.0,1.0,2.25,2.25,1368.25,1.0,2.0,3.0,2.0,3.0,1237.0,1762.0,1.0,0.4629100498862757,True
269:151439,96,151439,hotpotqa,8,3.0,4.0,1.0,3.75,3.75,2299.25,1.0,3.0,4.0,3.0,4.0,1955.0,2414.0,1.0,0.4629100498862757,True
273:151249,96,151249,hotpotqa,8,1.0,2.0,1.0,1.125,2.125,1377.0,1.9375,1.0,2.0,2.0,3.0,1306.0,1874.0,1.0,0.3535533905932738,True
275:86663,96,86663,hotpotqa,8,1.0,2.0,1.0,1.25,2.0,1293.875,1.75,1.0,2.0,2.0,2.0,1279.0,1338.5,1.0,0.4629100498862757,True
275:73670,96,73670,nq,8,1.0,2.0,1.0,1.875,2.875,1633.5,1.5625,1.0,2.0,2.0,3.0,1182.0,1698.0,1.0,0.3535533905932738,True
275:104244,96,104244,hotpotqa,8,1.0,2.0,1.0,1.625,2.625,1715.25,1.6875,1.0,2.0,2.0,3.0,1265.0,1985.4,1.0,0.5175491695067657,True
277:126054,96,126054,hotpotqa,8,2.0,3.0,1.0,2.125,2.125,1447.75,1.0,2.0,3.0,2.0,3.0,1373.0,1971.0,1.0,0.3535533905932738,True
278:97270,96,97270,hotpotqa,8,2.0,4.0,2.0,2.25,3.25,1973.25,1.46875,2.0,4.0,3.0,5.0,1886.857142857143,2578.0,1.0,0.3535533905932738,True
278:153496,96,153496,hotpotqa,8,1.0,2.0,1.0,1.125,2.25,1365.875,2.0,1.0,2.0,2.0,4.0,1234.0,2289.0,1.0,0.3535533905932738,True
279:113392,96,113392,hotpotqa,8,1.0,2.0,1.0,1.875,2.875,1775.5,1.5625,1.0,2.0,2.0,3.0,1359.0,1835.0,1.0,0.3535533905932738,True
280:62365,97,62365,nq,8,2.0,3.0,1.0,2.125,2.125,1366.375,1.0,2.0,3.0,2.0,3.0,1298.0,1845.0,1.0,0.3535533905932738,True
280:2249,97,2249,nq,8,1.0,2.0,1.0,1.125,1.125,823.125,1.0,1.0,2.0,1.0,2.0,742.0,1391.0,1.0,0.3535533905932738,True
281:126097,97,126097,hotpotqa,8,1.0,2.0,1.0,1.5,2.5,1661.0,1.75,1.0,2.0,2.0,3.0,1362.0,1960.0,1.0,0.5345224838248488,True
281:75296,97,75296,nq,8,1.0,2.0,1.0,1.25,1.5,1089.5,1.125,1.0,2.0,1.0,3.0,805.0,1943.0,1.0,0.4629100498862757,True
283:148879,97,148879,hotpotqa,8,1.0,2.0,1.0,1.5,1.5,1073.5,1.0,1.0,2.0,1.0,2.0,796.0,1351.0,1.0,0.5345224838248488,True
288:32715,97,32715,nq,8,1.0,2.0,1.0,1.375,2.375,1476.75,1.8125,1.0,2.0,2.0,3.0,1272.0,1818.0,1.0,0.5175491695067657,True
288:161479,97,161479,hotpotqa,8,1.0,2.0,1.0,1.25,2.25,1454.875,1.875,1.0,2.0,2.0,3.0,1295.5,1933.0,1.0,0.4629100498862757,True
288:17088,97,17088,nq,8,1.0,2.0,1.0,1.875,1.875,1338.625,1.0,1.0,2.0,1.0,2.0,762.0,1421.0,1.0,0.3535533905932738,True
289:138650,97,138650,hotpotqa,8,1.0,2.0,1.0,1.75,2.75,1756.875,1.625,1.0,2.0,2.0,3.0,1297.0,1910.1666666666667,1.0,0.4629100498862757,True
291:128552,98,128552,hotpotqa,8,2.0,3.0,1.0,2.125,2.125,1333.25,1.0,2.0,3.0,2.0,3.0,1262.4285714285713,1829.0,1.0,0.3535533905932738,True
291:15379,98,15379,nq,8,3.0,4.0,1.0,3.25,5.25,2556.125,1.625,3.0,4.0,5.0,6.0,2551.5,2570.0,1.0,0.4629100498862757,True
292:51144,98,51144,nq,8,3.0,4.0,1.0,3.75,3.75,2309.25,1.0,3.0,4.0,3.0,4.0,1818.0,2473.0,1.0,0.4629100498862757,True
293:82311,98,82311,hotpotqa,8,1.0,2.0,1.0,1.375,1.375,1000.625,1.0,1.0,2.0,1.0,2.0,814.0,1311.6666666666667,1.0,0.5175491695067657,True
295:157695,98,157695,hotpotqa,8,1.0,2.0,1.0,1.125,2.125,1266.0,1.9375,1.0,2.0,2.0,3.0,1194.0,1770.0,1.0,0.3535533905932738,True
296:61847,98,61847,nq,8,3.0,4.0,1.0,3.75,4.75,3443.25,1.2708333333333333,3.0,4.0,4.0,5.0,2736.0,3679.0,1.0,0.4629100498862757,True
296:26782,98,26782,nq,8,3.0,4.0,1.0,3.125,3.125,1885.0,1.0,3.0,4.0,3.0,4.0,1818.857142857143,2348.0,1.0,0.3535533905932738,True
297:163108,98,163108,hotpotqa,8,1.0,2.0,1.0,1.125,2.125,1384.75,1.9375,1.0,2.0,2.0,3.0,1308.0,1922.0,1.0,0.3535533905932738,True
299:108462,98,108462,hotpotqa,8,2.0,3.0,1.0,2.125,2.125,1370.5,1.0,2.0,3.0,2.0,3.0,1302.0,1850.0,1.0,0.3535533905932738,True
301:59112,99,59112,nq,8,1.0,2.0,1.0,1.625,2.625,1550.875,1.6875,1.0,2.0,2.0,3.0,1185.0,1770.4,1.0,0.5175491695067657,True
301:36198,99,36198,nq,8,1.0,2.0,1.0,1.75,1.75,1230.0,1.0,1.0,2.0,1.0,2.0,744.0,1392.0,1.0,0.4629100498862757,True
301:91751,99,91751,hotpotqa,8,1.0,2.0,1.0,1.875,1.875,1117.125,1.0,1.0,2.0,1.0,2.0,670.0,1181.0,1.0,0.3535533905932738,True
302:127627,99,127627,hotpotqa,8,2.0,3.0,1.0,2.625,2.625,1702.5,1.0,2.0,3.0,2.0,3.0,1325.0,1929.0,1.0,0.5175491695067657,True
303:104380,99,104380,hotpotqa,8,1.0,2.0,1.0,1.125,1.125,889.125,1.0,1.0,2.0,1.0,2.0,829.1428571428571,1309.0,1.0,0.3535533905932738,True
305:17979,99,17979,nq,8,1.0,2.0,1.0,1.25,2.25,1361.875,1.875,1.0,2.0,2.0,3.0,1230.0,1757.5,1.0,0.4629100498862757,True
306:131949,99,131949,hotpotqa,8,1.0,2.0,1.0,1.875,2.875,1827.875,1.5625,1.0,2.0,2.0,3.0,1421.0,1886.0,1.0,0.3535533905932738,True
307:78657,99,78657,nq,8,3.0,4.0,1.0,3.625,3.625,2337.625,1.0,3.0,4.0,3.0,4.0,1974.0,2555.8,1.0,0.5175491695067657,True
310:73899,99,73899,nq,8,1.0,2.0,1.0,1.75,1.75,1038.0,1.0,1.0,2.0,1.0,2.0,669.0,1161.0,1.0,0.4629100498862757,True
310:131940,99,131940,hotpotqa,8,1.0,2.0,1.0,1.75,2.75,1736.0,1.625,1.0,2.0,2.0,3.0,1329.0,1871.6666666666667,1.0,0.4629100498862757,True
312:57226,99,57226,nq,8,1.0,2.0,1.0,1.375,1.375,1011.75,1.0,1.0,2.0,1.0,2.0,801.0,1363.0,1.0,0.5175491695067657,True
312:6178,99,6178,nq,8,1.0,2.0,1.0,1.5,1.5,1031.5,1.0,1.0,2.0,1.0,2.0,742.0,1321.0,1.0,0.5345224838248488,True
313:115124,99,115124,hotpotqa,8,1.0,2.0,1.0,1.5,2.5,1642.0,1.75,1.0,2.0,2.0,3.0,1369.0,1915.0,1.0,0.5345224838248488,True
313:89757,99,89757,hotpotqa,8,1.0,2.0,1.0,1.75,1.75,1226.75,1.0,1.0,2.0,1.0,2.0,842.0,1355.0,1.0,0.4629100498862757,True
314:78353,99,78353,nq,8,1.0,2.0,1.0,1.875,1.875,1296.875,1.0,1.0,2.0,1.0,2.0,799.0,1368.0,1.0,0.3535533905932738,True
316:149238,100,149238,hotpotqa,8,1.0,2.0,1.0,1.125,1.125,901.625,1.0,1.0,2.0,1.0,2.0,831.0,1396.0,1.0,0.3535533905932738,True
316:23104,100,23104,nq,8,1.0,2.0,1.0,1.625,2.0,1289.5,1.375,1.0,2.0,2.0,2.0,1267.0,1303.0,1.0,0.5175491695067657,True
320:28521,100,28521,nq,8,1.0,2.0,1.0,1.25,1.25,853.5,1.0,1.0,2.0,1.0,2.0,705.0,1299.0,1.0,0.4629100498862757,True
320:67831,100,67831,nq,8,2.0,3.0,1.0,2.625,3.625,2285.0,1.3958333333333333,2.0,3.0,3.0,4.0,1899.0,2516.6,1.0,0.5175491695067657,True
321:49474,100,49474,nq,8,1.0,2.0,1.0,1.375,1.375,942.25,1.0,1.0,2.0,1.0,2.0,716.2,1319.0,1.0,0.5175491695067657,True
323:147097,100,147097,hotpotqa,8,1.0,2.0,1.0,1.375,2.375,1447.875,1.8125,1.0,2.0,2.0,3.0,1239.0,1796.0,1.0,0.5175491695067657,True
323:75918,100,75918,nq,8,1.0,2.0,1.0,1.625,2.625,1607.5,1.6875,1.0,2.0,2.0,3.0,1261.6666666666667,1815.0,1.0,0.5175491695067657,True
323:82248,100,82248,hotpotqa,8,1.0,2.0,1.0,1.375,2.375,1522.75,1.8125,1.0,2.0,2.0,3.0,1294.0,1904.0,1.0,0.5175491695067657,True
324:52745,100,52745,nq,8,2.0,6.0,4.0,3.25,4.25,2571.75,1.375,2.0,6.0,3.0,7.0,1910.0,3924.0,1.0,0.43813729094233206,True
327:915,101,915,nq,8,2.0,3.0,1.0,2.5,2.5,1598.0,1.0,2.0,3.0,2.0,3.0,1331.0,1865.0,1.0,0.5345224838248488,True
328:151139,101,151139,hotpotqa,8,1.0,2.0,1.0,1.375,2.375,1548.0,1.8125,1.0,2.0,2.0,3.0,1344.0,1888.0,1.0,0.5175491695067657,True
330:150497,101,150497,hotpotqa,8,2.0,3.0,1.0,2.125,2.125,1558.0,1.0,2.0,3.0,2.0,3.0,1479.4285714285713,2108.0,1.0,0.3535533905932738,True
331:63346,101,63346,nq,8,1.0,2.0,1.0,1.5,2.5,1543.0,1.75,1.0,2.0,2.0,3.0,1271.0,1815.0,1.0,0.5345224838248488,True
332:34314,101,34314,nq,8,1.0,2.0,1.0,1.25,1.25,977.5,1.0,1.0,2.0,1.0,2.0,841.0,1387.0,1.0,0.4629100498862757,True
333:147994,101,147994,hotpotqa,8,1.0,2.0,1.0,1.625,1.625,1118.5,1.0,1.0,2.0,1.0,2.0,776.0,1324.0,1.0,0.5175491695067657,True
334:104152,102,104152,hotpotqa,8,1.0,2.0,1.0,1.125,2.125,1418.75,1.9375,1.0,2.0,2.0,3.0,1336.0,1998.0,1.0,0.3535533905932738,True
337:14628,102,14628,nq,8,1.0,2.0,1.0,1.5,1.5,1044.0,1.0,1.0,2.0,1.0,2.0,729.0,1359.0,1.0,0.5345224838248488,True
341:146268,102,146268,hotpotqa,8,2.0,3.0,1.0,2.375,2.375,1575.375,1.0,2.0,3.0,2.0,3.0,1357.8,1938.0,1.0,0.5175491695067657,True
343:59329,103,59329,nq,8,1.0,2.0,1.0,1.625,1.625,1062.125,1.0,1.0,2.0,1.0,2.0,707.0,1275.2,1.0,0.5175491695067657,True
345:57967,103,57967,nq,8,3.0,4.0,1.0,3.125,3.125,2035.75,1.0,3.0,4.0,3.0,4.0,1958.0,2580.0,1.0,0.3535533905932738,True
345:130837,103,130837,hotpotqa,8,1.0,2.0,1.0,1.375,2.375,1709.25,1.8125,1.0,2.0,2.0,3.0,1494.0,2068.0,1.0,0.5175491695067657,True
345:32061,103,32061,nq,8,1.0,2.0,1.0,1.625,1.625,1049.875,1.0,1.0,2.0,1.0,2.0,713.0,1252.0,1.0,0.5175491695067657,True
345:135196,103,135196,hotpotqa,8,2.0,3.0,1.0,2.75,2.75,1785.25,1.0,2.0,3.0,2.0,3.0,1318.0,1941.0,1.0,0.4629100498862757,True
345:19758,103,19758,nq,8,1.0,2.0,1.0,1.5,1.5,1071.5,1.0,1.0,2.0,1.0,2.0,754.0,1389.0,1.0,0.5345224838248488,True
347:77460,103,77460,nq,8,1.0,2.0,1.0,1.5,1.5,1059.0,1.0,1.0,2.0,1.0,2.0,721.0,1397.0,1.0,0.5345224838248488,True
350:158514,103,158514,hotpotqa,8,1.0,2.0,1.0,1.125,2.0,1199.125,1.875,1.0,2.0,2.0,2.0,1197.0,1214.0,1.0,0.3535533905932738,True
350:148774,103,148774,hotpotqa,8,3.0,5.0,2.0,3.75,3.75,2423.375,1.0,3.0,5.0,3.0,5.0,1971.0,3177.3333333333335,1.0,0.5175491695067657,True
354:109194,104,109194,hotpotqa,8,1.0,2.0,1.0,1.625,2.625,1645.875,1.6875,1.0,2.0,2.0,3.0,1289.0,1860.0,1.0,0.5175491695067657,True
355:85842,104,85842,hotpotqa,8,1.0,2.0,1.0,1.625,2.625,1675.125,1.6875,1.0,2.0,2.0,3.0,1302.0,1899.0,1.0,0.5175491695067657,True
355:82976,104,82976,hotpotqa,8,2.0,3.0,1.0,2.375,5.375,3150.25,2.3125,2.0,3.0,5.0,6.0,2935.0,3509.0,1.0,0.5175491695067657,True
355:63657,104,63657,nq,8,2.0,4.0,2.0,3.25,3.25,1975.375,1.0,2.0,4.0,2.0,4.0,1287.0,2388.4,1.0,0.5175491695067657,True
356:15664,104,15664,nq,8,1.0,2.0,1.0,1.875,2.875,1822.5,1.5625,1.0,2.0,2.0,3.0,1252.0,1904.0,1.0,0.3535533905932738,True
358:73916,104,73916,nq,8,4.0,5.0,1.0,4.875,4.875,2980.875,1.0,4.0,5.0,4.0,5.0,2473.0,3053.4285714285716,1.0,0.3535533905932738,True
359:124999,104,124999,hotpotqa,8,3.0,4.0,1.0,3.25,3.25,2088.0,1.0,3.0,4.0,3.0,4.0,1943.0,2523.0,1.0,0.4629100498862757,True
359:95728,104,95728,hotpotqa,8,1.0,2.0,1.0,1.375,1.375,828.75,1.0,1.0,2.0,1.0,2.0,654.0,1120.0,1.0,0.5175491695067657,True
361:158281,104,158281,hotpotqa,8,1.0,2.0,1.0,1.875,4.875,2777.0,2.6875,1.0,2.0,4.0,5.0,2294.0,2846.0,1.0,0.3535533905932738,True
364:165755,105,165755,hotpotqa,8,2.0,3.0,1.0,2.375,2.375,1414.875,1.0,2.0,3.0,2.0,3.0,1227.0,1728.0,1.0,0.5175491695067657,True
365:53050,105,53050,nq,8,2.0,3.0,1.0,2.25,2.25,1455.0,1.0,2.0,3.0,2.0,3.0,1306.0,1902.0,1.0,0.4629100498862757,True
365:157434,105,157434,hotpotqa,8,3.0,4.0,1.0,3.875,4.875,3107.0,1.2604166666666665,3.0,4.0,4.0,5.0,2525.0,3190.1428571428573,1.0,0.3535533905932738,True
366:43922,105,43922,nq,8,1.0,2.0,1.0,1.5,2.5,1628.5,1.75,1.0,2.0,2.0,3.0,1346.0,1911.0,1.0,0.5345224838248488,True
367:135373,105,135373,hotpotqa,8,1.0,2.0,1.0,1.625,2.625,1586.875,1.6875,1.0,2.0,2.0,3.0,1295.0,1762.0,1.0,0.5175491695067657,True
368:57520,105,57520,nq,8,2.0,4.0,2.0,3.25,4.25,2488.375,1.34375,2.0,4.0,3.0,5.0,1819.0,2890.0,1.0,0.5175491695067657,True
368:14160,105,14160,nq,8,1.0,2.0,1.0,1.375,1.375,923.875,1.0,1.0,2.0,1.0,2.0,724.0,1257.0,1.0,0.5175491695067657,True
369:116250,105,116250,hotpotqa,8,1.0,2.0,1.0,1.25,2.25,1539.75,1.875,1.0,2.0,2.0,3.0,1345.0,2124.0,1.0,0.4629100498862757,True
370:13125,105,13125,nq,8,1.0,2.0,1.0,1.875,1.875,1347.5,1.0,1.0,2.0,1.0,2.0,812.0,1424.0,1.0,0.3535533905932738,True
372:111012,106,111012,hotpotqa,8,1.0,2.0,1.0,1.125,2.125,1376.5,1.9375,1.0,2.0,2.0,3.0,1295.0,1947.0,1.0,0.3535533905932738,True
372:31059,106,31059,nq,8,1.0,3.0,2.0,1.25,2.25,1307.125,1.9166666666666665,1.0,3.0,2.0,4.0,1168.2857142857142,2279.0,1.0,0.3535533905932738,True
374:168687,106,168687,hotpotqa,8,2.0,5.0,3.0,3.5,3.5,2268.0,1.0,2.0,5.0,2.0,5.0,1382.0,3154.0,1.0,0.5345224838248488,True
375:120071,106,120071,hotpotqa,8,2.0,3.0,1.0,2.125,2.125,1469.625,1.0,2.0,3.0,2.0,3.0,1390.0,2027.0,1.0,0.3535533905932738,True
375:98845,106,98845,hotpotqa,8,3.0,4.0,1.0,3.125,3.125,2174.75,1.0,3.0,4.0,3.0,4.0,2095.1428571428573,2732.0,1.0,0.3535533905932738,True
375:160073,106,160073,hotpotqa,8,1.0,2.0,1.0,1.875,1.875,1197.625,1.0,1.0,2.0,1.0,2.0,740.0,1263.0,1.0,0.3535533905932738,True
376:92798,106,92798,hotpotqa,8,1.0,2.0,1.0,1.75,2.0,1286.75,1.25,1.0,2.0,2.0,2.0,1280.0,1289.0,1.0,0.4629100498862757,True
377:68828,106,68828,nq,8,1.0,2.0,1.0,1.25,1.25,928.25,1.0,1.0,2.0,1.0,2.0,790.0,1343.0,1.0,0.4629100498862757,True
378:83879,106,83879,hotpotqa,8,1.0,2.0,1.0,1.875,2.875,1948.5,1.5625,1.0,2.0,2.0,3.0,1420.0,2024.0,1.0,0.3535533905932738,True
378:107872,106,107872,hotpotqa,8,1.0,2.0,1.0,1.125,2.125,1551.375,1.9375,1.0,2.0,2.0,3.0,1469.0,2128.0,1.0,0.3535533905932738,True
379:169115,106,169115,hotpotqa,8,1.0,2.0,1.0,1.25,2.25,1381.0,1.875,1.0,2.0,2.0,3.0,1238.0,1810.0,1.0,0.4629100498862757,True
383:73103,107,73103,nq,8,1.0,2.0,1.0,1.875,2.875,1701.75,1.5625,1.0,2.0,2.0,3.0,1242.0,1767.4285714285713,1.0,0.3535533905932738,True
383:82150,107,82150,hotpotqa,8,1.0,2.0,1.0,1.125,2.125,1268.625,1.9375,1.0,2.0,2.0,3.0,1204.0,1721.0,1.0,0.3535533905932738,True
386:154366,107,154366,hotpotqa,8,4.0,5.0,1.0,4.875,5.875,3486.0,1.2062499999999998,4.0,5.0,5.0,6.0,3007.0,3554.4285714285716,1.0,0.3535533905932738,True
386:91497,107,91497,hotpotqa,8,1.0,2.0,1.0,1.125,2.125,1276.5,1.9375,1.0,2.0,2.0,3.0,1201.0,1805.0,1.0,0.3535533905932738,True
390:169551,108,169551,hotpotqa,8,1.0,2.0,1.0,1.125,2.125,1627.875,1.9375,1.0,2.0,2.0,3.0,1545.0,2208.0,1.0,0.3535533905932738,True
390:151295,108,151295,hotpotqa,8,1.0,2.0,1.0,1.5,2.0,1287.0,1.5,1.0,2.0,2.0,2.0,1321.0,1253.0,1.0,0.5345224838248488,True
392:23749,108,23749,nq,8,1.0,2.0,1.0,1.75,1.75,1127.875,1.0,1.0,2.0,1.0,2.0,713.5,1266.0,1.0,0.4629100498862757,True
392:153178,108,153178,hotpotqa,8,1.0,2.0,1.0,1.125,2.125,1317.0,1.9375,1.0,2.0,2.0,3.0,1244.0,1828.0,1.0,0.3535533905932738,True
394:67509,108,67509,nq,8,1.0,2.0,1.0,1.875,1.875,1391.75,1.0,1.0,2.0,1.0,2.0,949.0,1455.0,1.0,0.3535533905932738,True
394:8725,108,8725,nq,8,1.0,2.0,1.0,1.25,1.25,917.5,1.0,1.0,2.0,1.0,2.0,754.0,1408.0,1.0,0.4629100498862757,True
397:163453,108,163453,hotpotqa,8,2.0,3.0,1.0,2.625,3.625,1954.125,1.3958333333333333,2.0,3.0,3.0,4.0,1921.0,1974.0,1.0,0.5175491695067657,True
397:102461,108,102461,hotpotqa,8,1.0,2.0,1.0,1.75,1.75,1134.5,1.0,1.0,2.0,1.0,2.0,725.0,1271.0,1.0,0.4629100498862757,True
399:114375,109,114375,hotpotqa,8,1.0,2.0,1.0,1.25,2.25,1378.75,1.875,1.0,2.0,2.0,3.0,1245.0,1780.0,1.0,0.4629100498862757,True
400:140614,109,140614,hotpotqa,8,1.0,2.0,1.0,1.625,2.625,1650.375,1.6875,1.0,2.0,2.0,3.0,1278.0,1873.8,1.0,0.5175491695067657,True
400:149851,109,149851,hotpotqa,8,1.0,2.0,1.0,1.75,2.75,1911.5,1.625,1.0,2.0,2.0,3.0,1422.0,2074.6666666666665,1.0,0.4629100498862757,True
404:163536,109,163536,hotpotqa,8,1.0,2.0,1.0,1.375,2.375,1632.125,1.8125,1.0,2.0,2.0,3.0,1379.0,2054.0,1.0,0.5175491695067657,True
404:165460,109,165460,hotpotqa,8,1.0,2.0,1.0,1.875,2.875,1721.0,1.5625,1.0,2.0,2.0,3.0,1259.0,1787.0,1.0,0.3535533905932738,True
405:23573,109,23573,nq,8,1.0,2.0,1.0,1.875,2.875,1531.375,1.5625,1.0,2.0,2.0,3.0,1080.0,1595.857142857143,1.0,0.3535533905932738,True
406:169144,109,169144,hotpotqa,8,1.0,2.0,1.0,1.875,2.0,1284.5,1.125,1.0,2.0,2.0,2.0,1323.0,1279.0,1.0,0.3535533905932738,True
407:131807,109,131807,hotpotqa,8,4.0,5.0,1.0,4.375,4.375,2798.125,1.0,4.0,5.0,4.0,5.0,2602.0,3125.0,1.0,0.5175491695067657,True
410:63174,110,63174,nq,8,1.0,2.0,1.0,1.125,2.125,1226.5,1.9375,1.0,2.0,2.0,3.0,1161.0,1685.0,1.0,0.3535533905932738,True
410:77674,110,77674,nq,8,1.0,2.0,1.0,1.875,1.875,1470.0,1.0,1.0,2.0,1.0,2.0,896.0,1552.0,1.0,0.3535533905932738,True
410:23228,110,23228,nq,8,1.0,2.0,1.0,1.75,1.75,1158.0,1.0,1.0,2.0,1.0,2.0,741.0,1297.0,1.0,0.4629100498862757,True
411:161862,110,161862,hotpotqa,8,1.0,2.0,1.0,1.25,2.25,1569.0,1.875,1.0,2.0,2.0,3.0,1431.0,1983.0,1.0,0.4629100498862757,True
411:82937,110,82937,hotpotqa,8,1.0,2.0,1.0,1.875,2.875,1822.375,1.5625,1.0,2.0,2.0,3.0,1319.0,1894.2857142857142,1.0,0.3535533905932738,True
414:2187,110,2187,nq,8,3.0,4.0,1.0,3.5,3.5,2378.25,1.0,3.0,4.0,3.0,4.0,2051.5,2705.0,1.0,0.5345224838248488,True
415:122786,110,122786,hotpotqa,8,2.0,3.0,1.0,2.875,2.875,2048.625,1.0,2.0,3.0,2.0,3.0,1542.0,2121.0,1.0,0.3535533905932738,True
416:150025,110,150025,hotpotqa,8,1.0,2.0,1.0,1.75,2.75,1649.0,1.625,1.0,2.0,2.0,3.0,1214.0,1794.0,1.0,0.4629100498862757,True
416:53971,110,53971,nq,8,3.0,5.0,2.0,3.25,4.125,2461.125,1.2916666666666665,3.0,5.0,4.0,5.0,2384.0,3001.0,1.0,0.3535533905932738,True
419:9543,110,9543,nq,8,1.0,2.0,1.0,1.875,1.875,1263.25,1.0,1.0,2.0,1.0,2.0,747.0,1337.0,1.0,0.3535533905932738,True
420:68011,111,68011,nq,8,1.0,2.0,1.0,1.125,1.125,794.375,1.0,1.0,2.0,1.0,2.0,725.0,1280.0,1.0,0.3535533905932738,True
421:18615,111,18615,nq,8,2.0,3.0,1.0,2.5,2.5,1655.5,1.0,2.0,3.0,2.0,3.0,1375.0,1936.0,1.0,0.5345224838248488,True
422:72621,111,72621,nq,8,1.0,2.0,1.0,1.25,1.375,1023.25,1.125,1.0,2.0,1.1666666666666667,2.0,909.0,1366.0,1.0,0.4629100498862757,True
422:82061,111,82061,hotpotqa,8,1.0,2.0,1.0,1.125,2.125,1570.625,1.9375,1.0,2.0,2.0,3.0,1474.0,2247.0,1.0,0.3535533905932738,True
425:164661,111,164661,hotpotqa,8,3.0,4.0,1.0,3.125,3.125,1827.75,1.0,3.0,4.0,3.0,4.0,1815.0,1917.0,1.0,0.3535533905932738,True
427:23211,111,23211,nq,8,2.0,3.0,1.0,2.125,3.125,1858.375,1.4791666666666665,2.0,3.0,3.0,4.0,1787.0,2358.0,1.0,0.3535533905932738,True
430:133454,112,133454,hotpotqa,8,1.0,2.0,1.0,1.875,2.875,1849.625,1.5625,1.0,2.0,2.0,3.0,1259.0,1934.0,1.0,0.3535533905932738,True
430:131538,112,131538,hotpotqa,8,1.0,2.0,1.0,1.25,2.25,1531.0,1.875,1.0,2.0,2.0,3.0,1384.0,1972.0,1.0,0.4629100498862757,True
432:26550,112,26550,nq,8,1.0,2.0,1.0,1.25,1.25,1018.5,1.0,1.0,2.0,1.0,2.0,847.0,1533.0,1.0,0.4629100498862757,True
434:103132,112,103132,hotpotqa,8,1.0,2.0,1.0,1.25,1.25,921.0,1.0,1.0,2.0,1.0,2.0,784.0,1332.0,1.0,0.4629100498862757,True
434:43680,112,43680,nq,8,2.0,3.0,1.0,2.375,3.375,2048.75,1.4375,2.0,3.0,3.0,4.0,1808.6,2449.0,1.0,0.5175491695067657,True
435:117310,112,117310,hotpotqa,8,2.0,3.0,1.0,2.125,3.125,1997.0,1.4791666666666665,2.0,3.0,3.0,4.0,1932.0,2452.0,1.0,0.3535533905932738,True
435:123964,112,123964,hotpotqa,8,1.0,2.0,1.0,1.25,2.25,1348.625,1.875,1.0,2.0,2.0,3.0,1206.0,1776.5,1.0,0.4629100498862757,True
436:149590,112,149590,hotpotqa,8,1.0,2.0,1.0,1.875,2.875,1862.125,1.5625,1.0,2.0,2.0,3.0,1233.0,1952.0,1.0,0.3535533905932738,True
438:39175,113,39175,nq,8,2.0,3.0,1.0,2.625,2.625,1696.0,1.0,2.0,3.0,2.0,3.0,1377.3333333333333,1887.2,1.0,0.5175491695067657,True
439:120220,113,120220,hotpotqa,8,2.0,3.0,1.0,2.875,2.875,1920.0,1.0,2.0,3.0,2.0,3.0,1402.0,1994.0,1.0,0.3535533905932738,True
440:109138,113,109138,hotpotqa,8,3.0,4.0,1.0,3.625,3.625,2195.75,1.0,3.0,4.0,3.0,4.0,1819.0,2421.8,1.0,0.5175491695067657,True
440:60219,113,60219,nq,8,1.0,2.0,1.0,1.75,1.75,1187.5,1.0,1.0,2.0,1.0,2.0,772.0,1326.0,1.0,0.4629100498862757,True
441:32822,113,32822,nq,8,1.0,2.0,1.0,1.25,1.375,924.375,1.125,1.0,2.0,1.1666666666666667,2.0,809.1666666666666,1270.0,1.0,0.4629100498862757,True
442:72279,113,72279,nq,8,1.0,2.0,1.0,1.25,1.25,948.5,1.0,1.0,2.0,1.0,2.0,788.0,1430.0,1.0,0.4629100498862757,True
443:168793,113,168793,hotpotqa,8,1.0,2.0,1.0,1.875,2.875,1756.75,1.5625,1.0,2.0,2.0,3.0,1272.0,1826.0,1.0,0.3535533905932738,True
444:85692,113,85692,hotpotqa,8,2.0,3.0,1.0,2.5,2.5,1609.0,1.0,2.0,3.0,2.0,3.0,1331.0,1887.0,1.0,0.5345224838248488,True
446:94047,113,94047,hotpotqa,8,2.0,3.0,1.0,2.875,2.875,1791.375,1.0,2.0,3.0,2.0,3.0,1281.0,1864.2857142857142,1.0,0.3535533905932738,True
448:117262,114,117262,hotpotqa,8,4.0,5.0,1.0,4.5,4.5,2734.0,1.0,4.0,5.0,4.0,5.0,2494.0,2974.0,1.0,0.5345224838248488,True
449:39448,114,39448,nq,8,1.0,3.0,2.0,2.25,2.625,2044.125,1.375,1.0,3.0,2.0,3.0,1423.3333333333333,2416.6,1.0,0.5175491695067657,True
449:86720,114,86720,hotpotqa,8,2.0,3.0,1.0,2.25,2.25,1349.5,1.0,2.0,3.0,2.0,3.0,1204.0,1786.0,1.0,0.4629100498862757,True
451:80645,114,80645,hotpotqa,8,1.0,2.0,1.0,1.625,2.625,1742.625,1.6875,1.0,2.0,2.0,3.0,1342.0,1983.0,1.0,0.5175491695067657,True
451:23427,114,23427,nq,8,2.0,3.0,1.0,2.875,2.875,1766.125,1.0,2.0,3.0,2.0,3.0,1284.0,1835.0,1.0,0.3535533905932738,True
452:43567,114,43567,nq,8,1.0,2.0,1.0,1.625,2.625,1546.5,1.6875,1.0,2.0,2.0,3.0,1194.0,1758.0,1.0,0.5175491695067657,True
452:169292,114,169292,hotpotqa,8,1.0,2.0,1.0,1.125,2.125,1317.25,1.9375,1.0,2.0,2.0,3.0,1253.0,1767.0,1.0,0.3535533905932738,True
453:86455,114,86455,hotpotqa,8,1.0,2.0,1.0,1.875,2.875,1973.875,1.5625,1.0,2.0,2.0,3.0,1497.0,2042.0,1.0,0.3535533905932738,True
454:87661,114,87661,hotpotqa,8,3.0,4.0,1.0,3.875,4.875,2970.875,1.2604166666666665,3.0,4.0,4.0,5.0,2466.0,3043.0,1.0,0.3535533905932738,True
454:85983,114,85983,hotpotqa,8,2.0,3.0,1.0,2.25,3.25,2143.25,1.4583333333333333,2.0,3.0,3.0,4.0,1964.0,2681.0,1.0,0.4629100498862757,True
456:119912,114,119912,hotpotqa,8,2.0,3.0,1.0,2.625,2.625,1629.375,1.0,2.0,3.0,2.0,3.0,1290.0,1833.0,1.0,0.5175491695067657,True
457:108295,114,108295,hotpotqa,8,2.0,3.0,1.0,2.875,3.875,2502.625,1.3541666666666665,2.0,3.0,3.0,4.0,1982.0,2577.0,1.0,0.3535533905932738,True
461:128252,115,128252,hotpotqa,8,2.0,4.0,2.0,3.25,4.25,2514.375,1.3229166666666665,2.0,4.0,3.0,5.0,1840.0,2913.0,1.0,0.3535533905932738,True
463:97018,115,97018,hotpotqa,8,2.0,3.0,1.0,2.375,3.375,1938.5,1.4375,2.0,3.0,3.0,4.0,1865.0,2061.0,1.0,0.5175491695067657,True
463:156840,115,156840,hotpotqa,8,2.0,3.0,1.0,2.625,2.625,1961.25,1.0,2.0,3.0,2.0,3.0,1515.0,2229.0,1.0,0.5175491695067657,True
464:31995,115,31995,nq,8,3.0,4.0,1.0,3.875,4.875,2769.25,1.2604166666666665,3.0,4.0,4.0,5.0,2309.0,2835.0,1.0,0.3535533905932738,True
465:19741,115,19741,nq,8,1.0,2.0,1.0,1.75,1.75,1199.75,1.0,1.0,2.0,1.0,2.0,779.0,1340.0,1.0,0.4629100498862757,True
466:8322,115,8322,nq,8,2.0,3.0,1.0,2.25,2.25,1702.0,1.0,2.0,3.0,2.0,3.0,1559.0,2131.0,1.0,0.4629100498862757,True
466:134690,115,134690,hotpotqa,8,1.0,3.0,2.0,1.25,2.25,1383.875,1.9166666666666665,1.0,3.0,2.0,4.0,1223.0,2510.0,1.0,0.3535533905932738,True
466:142282,115,142282,hotpotqa,8,1.0,2.0,1.0,1.875,1.875,1306.25,1.0,1.0,2.0,1.0,2.0,797.0,1379.0,1.0,0.3535533905932738,True
468:126052,115,126052,hotpotqa,8,2.0,3.0,1.0,2.25,3.25,1958.0,1.4583333333333333,2.0,3.0,3.0,4.0,1852.6666666666667,2274.0,1.0,0.4629100498862757,True
469:109169,115,109169,hotpotqa,8,2.0,3.0,1.0,2.625,2.625,1746.625,1.0,2.0,3.0,2.0,3.0,1341.0,1990.0,1.0,0.5175491695067657,True
470:52339,115,52339,nq,8,3.0,4.0,1.0,3.25,3.25,1685.25,1.0,3.0,4.0,3.0,4.0,1515.0,2196.0,1.0,0.4629100498862757,True
470:168229,115,168229,hotpotqa,8,1.0,2.0,1.0,1.875,1.875,1192.625,1.0,1.0,2.0,1.0,2.0,748.0,1256.142857142857,1.0,0.3535533905932738,True
470:115524,115,115524,hotpotqa,8,1.0,2.0,1.0,1.75,2.75,1698.75,1.625,1.0,2.0,2.0,3.0,1284.0,1837.0,1.0,0.4629100498862757,True
471:122041,115,122041,hotpotqa,8,1.0,2.0,1.0,1.125,2.125,1418.25,1.9375,1.0,2.0,2.0,3.0,1350.0,1896.0,1.0,0.3535533905932738,True
471:27468,115,27468,nq,8,1.0,2.0,1.0,1.75,1.75,1325.75,1.0,1.0,2.0,1.0,2.0,812.0,1497.0,1.0,0.4629100498862757,True
475:141292,116,141292,hotpotqa,8,1.0,2.0,1.0,1.75,1.75,1224.25,1.0,1.0,2.0,1.0,2.0,844.0,1351.0,1.0,0.4629100498862757,True
475:69838,116,69838,nq,8,2.0,3.0,1.0,2.375,2.375,1936.0,1.0,2.0,3.0,2.0,3.0,1556.2,2569.0,1.0,0.5175491695067657,True
478:137851,116,137851,hotpotqa,8,3.0,5.0,2.0,3.25,3.25,2024.875,1.0,3.0,5.0,3.0,5.0,1895.7142857142858,2929.0,1.0,0.3535533905932738,True
479:136263,116,136263,hotpotqa,8,1.0,2.0,1.0,1.125,2.125,1313.375,1.9375,1.0,2.0,2.0,3.0,1242.0,1813.0,1.0,0.3535533905932738,True
480:103526,116,103526,hotpotqa,8,2.0,3.0,1.0,2.75,3.75,2510.0,1.375,2.0,3.0,3.0,4.0,2444.0,2532.0,1.0,0.4629100498862757,True
482:157038,116,157038,hotpotqa,8,1.0,2.0,1.0,1.75,2.75,1712.25,1.625,1.0,2.0,2.0,3.0,1304.0,1848.3333333333333,1.0,0.4629100498862757,True
482:10607,116,10607,nq,8,1.0,2.0,1.0,1.5,2.5,1652.5,1.75,1.0,2.0,2.0,3.0,1373.0,1932.0,1.0,0.5345224838248488,True
482:81997,116,81997,hotpotqa,8,2.0,3.0,1.0,2.125,2.125,1495.25,1.0,2.0,3.0,2.0,3.0,1409.0,2099.0,1.0,0.3535533905932738,True
482:52139,116,52139,nq,8,6.0,7.0,1.0,6.75,7.75,7029.625,1.1488095238095237,6.0,7.0,7.0,8.0,6098.5,7340.0,1.0,0.4629100498862757,True
483:12298,116,12298,nq,8,1.0,2.0,1.0,1.375,2.375,1385.625,1.8125,1.0,2.0,2.0,3.0,1206.0,1685.0,1.0,0.5175491695067657,True
483:89401,116,89401,hotpotqa,8,3.0,4.0,1.0,3.875,4.875,3523.25,1.2604166666666665,3.0,4.0,4.0,5.0,2931.0,3607.8571428571427,1.0,0.3535533905932738,True
484:138824,116,138824,hotpotqa,8,1.0,2.0,1.0,1.875,2.875,1846.375,1.5625,1.0,2.0,2.0,3.0,1310.0,1923.0,1.0,0.3535533905932738,True
484:28891,116,28891,nq,8,1.0,2.0,1.0,1.875,2.875,1693.375,1.5625,1.0,2.0,2.0,3.0,1241.0,1758.0,1.0,0.3535533905932738,True
485:24063,116,24063,nq,8,1.0,2.0,1.0,1.875,1.875,1250.125,1.0,1.0,2.0,1.0,2.0,684.0,1331.0,1.0,0.3535533905932738,True
486:3466,116,3466,nq,8,1.0,2.0,1.0,1.875,1.875,1344.5,1.0,1.0,2.0,1.0,2.0,808.0,1421.142857142857,1.0,0.3535533905932738,True
487:120148,117,120148,hotpotqa,8,1.0,2.0,1.0,1.875,1.875,1167.75,1.0,1.0,2.0,1.0,2.0,725.0,1231.0,1.0,0.3535533905932738,True
487:117013,117,117013,hotpotqa,8,1.0,2.0,1.0,1.25,2.25,1525.0,1.875,1.0,2.0,2.0,3.0,1391.0,1927.0,1.0,0.4629100498862757,True
488:129891,117,129891,hotpotqa,8,1.0,2.0,1.0,1.75,2.75,1601.0,1.625,1.0,2.0,2.0,3.0,1208.0,1732.0,1.0,0.4629100498862757,True
489:126707,117,126707,hotpotqa,8,1.0,2.0,1.0,1.5,2.5,1805.5,1.75,1.0,2.0,2.0,3.0,1581.0,2030.0,1.0,0.5345224838248488,True
489:153608,117,153608,hotpotqa,8,1.0,2.0,1.0,1.875,2.875,1740.5,1.5625,1.0,2.0,2.0,3.0,1254.0,1810.0,1.0,0.3535533905932738,True
490:43912,117,43912,nq,8,3.0,5.0,2.0,3.25,3.25,1680.0,1.0,3.0,5.0,3.0,5.0,1531.0,2723.0,1.0,0.3535533905932738,True
491:148878,117,148878,hotpotqa,8,3.0,4.0,1.0,3.375,3.375,2140.375,1.0,3.0,4.0,3.0,4.0,1926.4,2497.0,1.0,0.5175491695067657,True
491:130787,117,130787,hotpotqa,8,1.0,2.0,1.0,1.125,2.125,1469.0,1.9375,1.0,2.0,2.0,3.0,1395.0,1987.0,1.0,0.3535533905932738,True
491:72571,117,72571,nq,8,2.0,3.0,1.0,2.25,2.25,1471.75,1.0,2.0,3.0,2.0,3.0,1322.0,1921.0,1.0,0.4629100498862757,True
492:20290,117,20290,nq,8,1.0,2.0,1.0,1.125,1.125,822.625,1.0,1.0,2.0,1.0,2.0,749.8571428571429,1332.0,1.0,0.3535533905932738,True
492:91741,117,91741,hotpotqa,8,1.0,2.0,1.0,1.75,2.75,1672.0,1.625,1.0,2.0,2.0,3.0,1271.0,1805.6666666666667,1.0,0.4629100498862757,True
493:165969,117,165969,hotpotqa,8,2.0,3.0,1.0,2.125,3.125,2066.125,1.4791666666666665,2.0,3.0,3.0,4.0,1984.857142857143,2635.0,1.0,0.3535533905932738,True
493:156635,117,156635,hotpotqa,8,1.0,2.0,1.0,1.125,3.125,1978.75,2.875,1.0,2.0,3.0,4.0,1908.0,2474.0,1.0,0.3535533905932738,True
495:111256,117,111256,hotpotqa,8,2.0,3.0,1.0,2.5,2.5,1656.5,1.0,2.0,3.0,2.0,3.0,1361.0,1952.0,1.0,0.5345224838248488,True
497:60948,118,60948,nq,8,1.0,2.0,1.0,1.875,1.875,1224.875,1.0,1.0,2.0,1.0,2.0,734.0,1295.0,1.0,0.3535533905932738,True
500:71395,118,71395,nq,8,1.0,2.0,1.0,1.875,1.875,1307.75,1.0,1.0,2.0,1.0,2.0,816.0,1378.0,1.0,0.3535533905932738,True
501:96434,118,96434,hotpotqa,8,1.0,2.0,1.0,1.625,2.625,1600.25,1.6875,1.0,2.0,2.0,3.0,1249.0,1811.0,1.0,0.5175491695067657,True
501:30630,118,30630,nq,8,1.0,2.0,1.0,1.5,3.5,2145.5,2.5,1.0,2.0,3.0,4.0,1850.0,2441.0,1.0,0.5345224838248488,True
502:99190,118,99190,hotpotqa,8,2.0,3.0,1.0,2.5,3.5,2150.5,1.4166666666666665,2.0,3.0,3.0,4.0,1861.0,2440.0,1.0,0.5345224838248488,True
504:109851,118,109851,hotpotqa,8,1.0,2.0,1.0,1.75,2.75,1728.0,1.625,1.0,2.0,2.0,3.0,1311.0,1867.0,1.0,0.4629100498862757,True
504:92396,118,92396,hotpotqa,8,1.0,2.0,1.0,1.125,2.0,1297.625,1.875,1.0,2.0,2.0,2.0,1292.4285714285713,1334.0,1.0,0.3535533905932738,True
504:164209,118,164209,hotpotqa,8,1.0,2.0,1.0,1.875,2.875,1939.125,1.5625,1.0,2.0,2.0,3.0,1356.0,2022.4285714285713,1.0,0.3535533905932738,True
505:95273,118,95273,hotpotqa,8,1.0,2.0,1.0,1.5,2.5,1550.5,1.75,1.0,2.0,2.0,3.0,1252.0,1849.0,1.0,0.5345224838248488,True
506:19803,118,19803,nq,8,1.0,2.0,1.0,1.5,1.5,1072.0,1.0,1.0,2.0,1.0,2.0,744.0,1400.0,1.0,0.5345224838248488,True
508:148730,119,148730,hotpotqa,8,1.0,2.0,1.0,1.5,3.0,1821.625,2.0,1.0,2.0,2.0,4.0,1289.0,2354.25,1.0,0.5345224838248488,True
510:89564,119,89564,hotpotqa,8,4.0,5.0,1.0,4.625,5.625,3688.5,1.21875,4.0,5.0,5.0,6.0,3231.0,3963.0,1.0,0.5175491695067657,True
511:159508,119,159508,hotpotqa,8,2.0,4.0,2.0,2.25,2.25,1515.875,1.0,2.0,4.0,2.0,4.0,1378.0,2481.0,1.0,0.3535533905932738,True
514:106446,119,106446,hotpotqa,8,2.0,3.0,1.0,2.25,2.25,1514.75,1.0,2.0,3.0,2.0,3.0,1378.0,1925.0,1.0,0.4629100498862757,True
515:143919,119,143919,hotpotqa,8,1.0,2.0,1.0,1.75,2.75,1808.625,1.625,1.0,2.0,2.0,3.0,1318.5,1972.0,1.0,0.4629100498862757,True
516:84747,120,84747,hotpotqa,8,1.0,2.0,1.0,1.375,1.375,1052.625,1.0,1.0,2.0,1.0,2.0,837.0,1412.0,1.0,0.5175491695067657,True
517:17007,120,17007,nq,8,2.0,4.0,2.0,2.75,4.75,2891.5,1.8125,2.0,4.0,4.0,6.0,2369.6,3761.3333333333335,1.0,0.5175491695067657,True
518:162944,120,162944,hotpotqa,8,1.0,2.0,1.0,1.375,2.0,1205.75,1.625,1.0,2.0,2.0,2.0,1169.0,1267.0,1.0,0.5175491695067657,True
518:48126,120,48126,nq,8,2.0,3.0,1.0,2.625,3.625,2058.625,1.3958333333333333,2.0,3.0,3.0,4.0,1743.0,2248.0,1.0,0.5175491695067657,True
521:120474,120,120474,hotpotqa,8,2.0,3.0,1.0,2.25,2.25,1389.375,1.0,2.0,3.0,2.0,3.0,1242.8333333333333,1829.0,1.0,0.4629100498862757,True
