global_step,generation_batches_consumed,candidate_groups_seen,mixed_groups_available,efficiency_groups_available,retained_mixed_groups,efficiency_cache_count,optimizer_batch_size,stopping_reached,selected_group_ids,source_nq,source_hotpotqa,mean_k_over_8,mean_search_rounds,mean_search_queries,mean_response_tokens
71,9,1440,32,7,32,7,32,True,0:151196|0:35710|0:104989|1:104900|1:98963|2:3150|2:6362|2:117164|2:89516|2:43616|3:107296|3:39092|3:82068|3:34954|3:118752|4:62624|4:42674|5:59899|5:94472|5:92155|5:90972|5:47119|5:123875|5:118479|6:145207|6:71729|6:134695|7:27257|7:150225|7:150541|7:114|8:58083,14,18,0.50390625,1.6015625,2.28125,1459.70703125
72,13,2080,32,6,32,6,32,True,9:20175|9:9445|10:113621|10:80994|10:92212|10:108478|11:153941|11:97224|11:140248|11:100955|12:104543|12:155626|12:92977|13:2048|13:101930|14:28652|14:111955|15:111790|15:114997|15:30956|16:16512|17:165808|17:122923|18:59584|18:150928|19:139695|19:92791|19:149023|20:41190|20:28252|20:136802|21:126182,9,23,0.55078125,2.21875,2.9921875,1827.90234375
73,12,1920,32,9,32,9,32,True,22:148342|22:131622|22:55005|22:20298|22:17527|22:3685|23:95885|23:96244|24:63524|25:126257|25:77909|26:62234|26:107329|27:86925|27:82950|27:67650|27:167093|27:162776|27:99752|28:123552|29:128742|29:9021|30:45634|30:42702|30:131175|31:154388|32:134893|32:117348|32:134816|32:10978|33:70520|33:11484,14,18,0.56640625,1.87109375,2.4609375,1540.08203125
74,10,1600,32,8,32,8,32,True,34:77894|34:157261|34:154606|34:156100|36:127028|36:151094|36:89137|36:27205|37:3823|37:109264|38:78002|38:23719|38:104204|39:166689|39:130768|39:139319|40:128664|40:121303|40:147167|41:84690|41:25107|41:147171|41:62859|41:115871|42:29642|42:29451|42:98027|42:138819|42:136176|42:113763|43:134676|43:158762,9,23,0.51171875,1.95703125,2.5234375,1597.8515625
75,10,1600,32,6,32,6,32,True,44:133448|44:120444|44:81168|44:34177|44:153559|44:49178|44:45449|45:30453|46:101555|46:80505|48:46008|48:65598|48:53908|48:95595|49:117577|49:19621|49:83709|49:7950|50:19217|50:159914|50:77508|50:100873|50:30091|50:160905|51:19865|51:161679|51:16538|52:36051|53:16567|53:93853|53:57343|53:110148,17,15,0.53515625,1.76953125,2.4453125,1535.94140625
76,13,2080,32,7,32,7,32,True,54:81015|54:24085|55:83825|55:164379|56:5654|56:35604|56:143400|56:132869|56:86942|56:36990|56:104735|56:153153|57:112329|57:89827|57:109808|58:58841|58:59429|59:130032|59:30897|61:127766|61:101220|61:2183|61:130006|61:151476|62:109556|63:128711|63:132276|64:164525|64:11964|66:38101|66:151053|66:73529,11,21,0.41015625,2.1640625,2.8046875,1775.25
77,11,1760,32,8,32,8,32,True,67:11317|67:55141|68:136717|69:41811|69:52920|69:28900|69:93359|70:6818|70:84095|70:161316|70:137672|70:130065|70:119028|71:140094|71:66554|71:163112|72:66195|72:145190|72:158672|72:50472|72:107710|72:44194|73:80953|73:143072|74:105514|74:58504|74:15109|75:103833|75:45640|76:21071|76:50002|77:90102,15,17,0.5,1.8359375,2.6171875,1632.9921875
78,8,1280,32,5,32,5,32,True,78:37976|78:43940|78:66885|78:105451|79:17445|80:134071|80:46795|80:119909|80:81931|80:92670|80:146156|81:53460|81:3645|81:146429|81:90167|82:167273|82:14946|82:35217|82:124781|82:87281|82:112222|83:65440|83:96743|83:145852|84:151892|84:11302|84:44441|84:158052|85:13953|85:102521|85:166436|85:98863,13,19,0.46484375,2.203125,2.77734375,1743.875
79,10,1600,32,7,32,7,32,True,86:167265|86:76214|87:145288|88:133649|88:7462|88:36279|88:95756|89:32042|90:47028|90:91379|90:67684|90:106577|90:105013|90:31865|91:80372|91:156681|91:143616|91:33552|92:52777|92:132611|92:124976|92:108383|92:129117|93:10578|93:108043|93:153787|93:39137|94:113394|94:141369|94:130606|94:84835|95:88118,11,21,0.51171875,1.82421875,2.41796875,1575.67578125
80,11,1760,32,5,32,5,32,True,96:65654|97:30723|97:26842|97:157641|97:48805|97:127870|98:145508|98:9927|99:50856|99:158817|99:7796|100:134671|100:19311|100:10409|100:159942|100:35315|100:5689|101:22296|101:125903|101:24235|102:88163|103:12760|103:101345|104:18295|104:28877|104:95394|105:150588|105:132506|105:165573|106:81634|106:112865|106:158888,16,16,0.5234375,1.64453125,2.3984375,1517.60546875
81,12,1920,32,8,32,8,32,True,107:152173|107:52503|107:5568|107:157014|108:40012|108:18156|109:139995|109:61016|110:98845|110:212|110:150463|110:64496|111:72782|112:41403|112:38982|112:44501|113:59385|113:15594|114:50085|114:29656|114:154905|114:119695|115:1560|115:100357|115:71434|116:156089|116:79796|117:169255|118:146669|118:163531|118:11752|118:1261,19,13,0.4453125,2.1796875,2.87890625,1741.8828125
82,11,1760,32,11,32,11,32,True,119:26460|120:81743|120:76817|120:3138|120:88192|120:18827|120:89801|121:60008|122:32811|122:133154|122:72956|122:99291|123:124482|123:64972|123:133039|125:88084|125:168137|125:160155|126:114888|126:21695|126:62028|126:148086|127:18280|127:8340|127:122048|127:142894|128:79795|128:34113|128:112968|128:124683|128:165313|129:23474,14,18,0.39453125,2.05078125,2.65625,1668.94921875
83,14,2240,32,5,32,5,32,True,130:136433|130:130702|131:37836|131:47675|131:37919|131:58902|131:59330|132:144937|132:105920|132:123146|132:82907|133:96446|134:61050|134:167151|134:98584|135:128816|135:157774|136:43736|137:81479|138:146953|138:150679|138:143436|139:46468|140:36938|141:88841|142:145211|142:138553|143:154591|143:134341|143:36447|143:102561|143:37505,11,21,0.51953125,1.94140625,2.58984375,1654.28125
84,10,1600,32,7,32,7,32,True,144:130654|144:85355|144:61397|144:6298|144:154471|145:119925|145:150799|146:7698|146:116047|147:64019|147:86455|148:78920|148:143334|149:68254|149:37008|150:13595|150:25320|150:65189|151:85692|151:55962|151:115950|151:78999|151:168941|151:135107|152:131185|152:31702|152:168132|152:18320|152:105618|152:139212|153:63608|153:24047,16,16,0.4765625,2.06640625,2.6875,1675.390625
85,11,1760,32,10,32,10,32,True,154:152901|154:112675|155:52194|155:19333|156:145894|156:124790|156:167260|157:136299|158:85251|158:1917|158:91092|158:81166|159:51912|159:5684|160:13069|161:18113|161:75177|161:128299|161:161717|161:12776|161:60543|162:66835|162:151957|163:6489|163:158601|163:162117|163:66138|164:161223|164:88555|164:40310|164:153723|164:144798,14,18,0.59375,1.75390625,2.55859375,1606.92578125
86,12,1920,32,9,32,9,32,True,165:30783|165:93006|166:45806|166:108992|166:74536|167:78012|167:38758|167:60546|167:33759|167:122773|168:110392|168:19062|168:139258|169:103585|169:128302|171:112970|171:159193|171:64409|171:128652|172:40446|172:19914|172:119913|172:61158|173:40646|173:31502|173:13503|174:21172|175:160551|175:116298|176:71315|176:39532|176:45301,19,13,0.515625,1.58203125,2.36328125,1496.80078125
87,12,1920,32,9,32,9,32,True,177:114287|177:5376|177:168069|177:99578|177:161884|178:31843|178:149796|178:53360|179:88634|179:2088|179:112478|179:122130|179:879|180:160366|180:130018|180:107329|181:129494|181:8848|181:55990|182:123870|182:72134|182:27709|183:122781|184:141317|184:86618|185:81479|185:151872|185:158208|185:61275|186:5619|187:94983|188:105453,11,21,0.4765625,1.7265625,2.19140625,1438.5625
88,14,2240,32,9,32,9,32,True,189:101616|189:43908|190:95418|190:9037|191:20795|191:129954|192:67389|192:67786|192:83871|193:102752|193:106705|194:103561|194:58589|194:54338|194:79806|195:68290|195:61935|196:55256|196:81082|198:102145|198:156218|198:20646|198:49941|199:63652|199:18401|199:81777|200:148736|200:150494|201:10510|201:27842|202:82778|202:58552,17,15,0.51953125,2.08203125,2.62109375,1610.953125
89,11,1760,32,9,32,9,32,True,203:104759|204:39529|204:158041|204:98019|205:19740|205:168138|205:156834|205:62212|206:115387|206:23056|207:89859|208:108540|208:30660|208:116696|208:105573|208:138852|209:152577|209:29665|209:133945|209:28389|209:151264|209:149479|209:139695|209:120348|209:76675|209:115220|210:140462|210:128742|212:42141|212:116479|213:71759|213:165040,10,22,0.47265625,2.0703125,2.83203125,1778.828125
90,9,1440,32,4,32,4,32,True,214:117636|214:23026|215:8447|215:159830|215:84835|215:117883|216:30650|216:48531|216:147345|216:124577|216:14009|217:151299|217:166703|217:69105|217:145442|218:38580|218:53908|219:84313|219:57923|219:11795|219:79438|220:130642|220:99703|220:45337|220:154691|221:67081|221:128645|221:39471|221:49054|221:125728|222:111713|222:14121,15,17,0.5,1.65234375,2.33984375,1467.625
91,8,1280,32,6,32,6,32,True,223:99708|223:116718|224:162599|224:97971|224:111084|224:48085|225:108296|225:130181|225:83002|225:21933|225:20483|225:33252|226:143392|226:84945|226:6141|226:46350|226:59048|226:103660|226:44795|227:136432|227:96819|227:15828|227:125071|227:33365|228:169087|228:105987|228:71006|228:14232|228:68013|229:124638|229:87767|230:169059,13,19,0.45703125,1.875,2.51171875,1614.92578125
92,8,1280,32,3,32,3,32,True,231:109421|231:94612|231:76952|231:74622|232:145899|232:162543|232:102226|232:113264|232:39400|232:155042|233:44303|233:150530|233:156875|233:167663|233:167959|234:123850|234:28935|234:35507|234:98141|235:28724|235:753|235:10015|236:59759|236:80854|236:56383|237:153087|237:55709|237:118182|237:7431|237:163250|237:79399|238:109769,13,19,0.5234375,1.65234375,2.27734375,1467.6875
93,11,1760,32,8,32,8,32,True,239:47011|239:135936|240:48868|240:103123|240:156242|240:155840|241:94136|242:57490|242:16683|242:29633|243:151573|243:58736|243:90404|245:78893|245:97151|245:66581|245:154344|246:117690|246:113979|246:95432|247:2795|247:80054|247:89139|247:99183|247:98963|248:160118|248:81991|248:26970|248:55514|248:103215|248:238|249:50127,13,19,0.52734375,1.9921875,2.55078125,1611.06640625
94,11,1760,32,7,32,7,32,True,250:101580|250:94137|251:15602|251:111300|252:17569|252:94175|253:87582|253:75634|254:82447|254:139783|254:92806|254:31150|254:84611|254:31161|255:132009|256:842|256:112599|256:138045|256:22461|256:83650|257:130552|257:55758|257:21214|257:32647|257:75707|257:106736|257:29586|257:33445|257:110013|258:114266|259:62850|260:90431,14,18,0.50390625,1.63671875,2.3359375,1504.87109375
95,8,1280,32,3,32,3,32,True,261:89691|262:152883|262:161524|262:157432|262:64108|262:20396|262:149496|262:102502|262:38101|264:63167|264:87046|264:147599|264:34882|264:137596|264:31800|265:155392|265:82373|265:13430|265:35286|265:1672|266:76571|266:152722|266:48004|267:150389|267:103872|267:40162|268:101289|268:102947|268:120747|268:48728|268:151196|268:75328,14,18,0.5546875,2.1171875,2.765625,1717.36328125
96,11,1760,32,9,32,9,32,True,269:17310|269:109203|270:142061|271:168750|271:26558|271:144014|271:52268|272:39091|272:105561|272:130458|272:103634|273:127197|273:126018|273:91638|273:101381|273:22277|273:104303|274:11431|274:150551|274:52920|274:32549|275:73521|277:84495|277:47014|277:6715|277:88079|277:117343|277:124013|278:155953|278:71551|279:94770|279:27051,13,19,0.5859375,1.98828125,2.43359375,1554.8203125
97,11,1760,32,9,32,9,32,True,280:70679|280:41239|280:16561|281:100156|282:155755|282:67714|282:107375|282:145259|282:49567|283:125094|283:44634|283:62996|283:97416|283:155892|283:14764|284:18535|284:15953|284:117043|285:82567|285:6463|286:161217|286:76638|286:26385|286:17476|287:139944|287:151713|287:9633|288:87510|289:158805|289:132908|290:28116|290:132573,16,16,0.578125,2.24609375,2.6953125,1734.25390625
98,10,1600,32,9,32,9,32,True,291:106959|291:109676|291:136704|292:107072|292:104043|292:50653|293:89779|293:102281|293:62613|294:50856|294:45638|294:159735|294:159027|294:3563|294:65965|294:31691|294:94385|295:45999|295:60003|295:143722|296:150928|296:148275|296:65622|297:74970|297:155040|297:121677|297:14611|298:43195|298:164459|299:33269|300:122158|300:119067,14,18,0.52734375,1.734375,2.37109375,1497.13671875
99,14,2240,32,15,32,15,32,True,301:8791|301:61557|302:108773|303:126547|303:21141|304:160324|304:84602|304:158669|304:50362|305:156231|305:114042|306:152575|307:150807|308:161952|309:154205|309:141150|309:16490|309:122339|310:112873|311:81439|311:91323|311:135099|312:68587|312:139175|312:59862|312:63133|312:113613|313:49938|313:126459|313:138083|314:162520|314:147577,9,23,0.515625,2.30078125,2.8515625,1811.28515625
100,10,1600,32,9,32,9,32,True,315:22205|315:63092|316:146364|317:82122|318:129828|318:115808|318:107778|318:97371|318:127777|319:76435|319:166388|319:156921|319:166589|320:138720|320:89252|320:41836|320:1261|321:92925|321:149725|321:11956|321:16545|321:27366|321:63829|321:35059|322:75343|322:52503|322:123179|323:141899|323:87680|323:41642|324:41514|324:30842,15,17,0.4921875,2.2578125,2.6875,1719.73828125
101,9,1440,32,6,32,6,32,True,325:21173|325:168152|326:59857|326:22861|326:136792|327:68968|327:147888|327:59432|327:55668|327:59498|327:58297|327:103994|328:17296|328:157152|328:99499|329:69888|329:103568|329:96718|329:38938|329:133510|331:50433|331:14729|331:90162|331:161731|332:75893|332:107404|332:62003|332:87707|333:62548|333:107725|333:25403|333:60590,18,14,0.47265625,1.78515625,2.69140625,1692.19921875
102,8,1280,32,3,32,3,32,True,334:151613|334:26887|334:149615|334:114666|334:35858|335:49250|335:162681|335:81354|335:4470|335:125641|336:136433|336:168167|336:3900|337:30636|337:154738|337:90096|337:86435|337:61150|338:33897|338:138457|339:132313|339:64693|339:953|339:125208|340:107399|340:103900|340:90956|341:135509|341:126542|341:33154|341:154361|341:126314,11,21,0.4765625,2.27734375,3.03515625,1961.828125
103,12,1920,32,9,32,9,32,True,342:127641|342:53235|342:89795|343:11317|343:1946|343:134957|343:105022|344:99042|345:12780|345:32606|345:108598|345:97139|346:94784|346:132870|346:140382|347:58089|348:70542|349:23499|349:13216|349:159446|349:73273|350:79509|350:42015|351:130203|351:132432|351:144937|351:36634|352:35411|352:124313|352:117333|352:118802|353:128344,13,19,0.4765625,1.8671875,2.640625,1681.85546875
104,9,1440,32,9,32,9,32,True,354:111419|354:12370|354:12582|354:31417|354:110109|354:64756|354:22122|355:107304|355:126141|356:44407|357:103225|357:51828|357:105465|357:67652|357:94747|358:157018|359:56485|359:45246|360:30890|360:162841|360:121429|361:9407|361:43631|361:46089|361:134549|361:118324|361:46521|362:57730|362:33021|362:33128|362:14391|362:136659,19,13,0.5,1.765625,2.359375,1494.37890625
105,9,1440,32,9,32,9,32,True,363:141018|363:408|364:89030|364:89164|364:22050|364:153709|365:145661|365:60275|365:22539|365:58402|365:142396|365:42272|366:21799|366:115884|366:33177|366:23873|367:138767|367:58327|368:154354|368:48685|368:19745|368:125684|369:87090|369:16139|369:13380|369:34420|370:54189|370:109803|370:125815|370:50364|370:20572|371:142747,18,14,0.47265625,1.75,2.47265625,1570.19140625
106,10,1600,32,11,32,11,32,True,372:127069|372:67333|372:141838|374:79720|374:105493|375:108668|375:114298|375:147192|375:55826|375:60121|375:141859|376:124326|376:70339|376:42078|377:161053|378:48556|378:54845|378:108343|379:156511|379:19840|379:109231|379:86890|379:12472|379:63371|379:99995|380:155114|380:35951|380:136932|380:28852|381:142885|381:92099|381:57093,13,19,0.5625,2.42578125,3.18359375,1970.0546875
107,8,1280,32,4,32,4,32,True,382:106911|382:12937|383:63905|383:72463|384:111810|384:96278|384:22431|384:136301|385:143309|385:99768|385:97053|385:138365|385:106257|385:10561|386:20823|386:587|386:158476|386:50028|386:123482|386:23722|386:45319|387:127505|387:113769|387:101944|387:103032|387:8102|387:102143|388:129515|388:66679|388:132654|389:14865|389:54453,14,18,0.50390625,1.4296875,2.12890625,1353.7421875
108,8,1280,32,8,32,8,32,True,390:39778|390:51809|390:91491|390:150616|390:106757|390:114441|391:2944|391:67465|392:46623|392:142316|393:131683|393:145178|393:41333|393:155687|393:65486|393:130317|394:57042|394:94617|394:116358|394:20212|394:52282|395:2245|395:56735|395:124669|395:71164|396:52289|396:163596|396:155785|396:89576|397:161366|397:82314|397:141156,14,18,0.44140625,2.21484375,2.859375,1796.62890625
109,11,1760,32,8,32,8,32,True,398:48768|398:164935|398:77769|398:152006|399:69750|400:42775|401:21101|401:84054|401:161429|401:53502|402:24490|402:11751|402:76150|402:98962|403:128248|403:102365|403:152935|404:104414|404:102895|405:142138|405:31295|405:127791|405:38576|405:111885|406:140725|406:132694|407:57414|407:120890|407:158609|408:95493|408:143614|408:118743,12,20,0.484375,2.03125,2.71875,1746.71484375
110,11,1760,32,10,32,10,32,True,409:46449|409:130951|410:53979|410:40792|410:1548|410:106343|411:50071|411:61794|411:109348|412:15916|412:154819|413:90575|413:41726|413:74047|413:121882|414:46055|414:113948|414:117389|415:120895|415:113868|415:50330|415:146204|415:37595|417:38599|417:856|417:40347|417:81743|418:34256|419:78783|419:156855|419:157823|419:103740,17,15,0.4921875,2.18359375,2.734375,1795.9453125
111,9,1440,32,6,32,6,32,True,420:136503|420:108558|420:24227|420:136921|420:128704|421:57880|421:23905|421:72333|421:15056|422:138653|422:87203|422:78786|423:85102|423:124565|423:126844|423:82859|423:87183|423:80512|424:125792|424:4961|424:139551|424:32048|424:71746|425:168168|425:36389|425:112248|426:86826|426:12190|427:35380|427:47523|427:82539|428:108276,13,19,0.43359375,1.828125,2.515625,1646.78125
112,9,1440,32,8,32,8,32,True,429:78968|429:92004|429:72687|430:68319|430:111717|430:12683|430:90206|430:45397|431:87281|431:126325|431:2599|432:68207|432:50753|432:132310|432:92579|432:139017|433:149484|433:43144|433:15052|433:116391|433:168650|433:167166|434:87509|434:132759|434:68730|435:124535|435:31811|435:26435|435:18312|436:22243|436:152342|437:70104,16,16,0.48046875,1.73828125,2.4375,1534.0234375
113,10,1600,32,9,32,9,32,True,438:100210|438:89713|438:127312|438:66885|438:40200|439:31351|439:155867|439:125797|439:146367|439:92648|439:113388|439:83201|440:139110|440:91813|440:39292|440:58643|442:37157|442:136720|442:167442|442:130493|442:100728|443:6493|444:44555|445:88870|445:24307|446:107647|446:79159|446:134472|446:106641|446:33694|446:107641|447:113831,11,21,0.51953125,2.28515625,2.9609375,1840.05078125
114,12,1920,32,12,32,12,32,True,448:151961|448:53874|448:2854|449:94044|450:127046|450:678|450:55579|450:24516|451:146432|451:105225|452:80831|452:109290|452:70971|453:109214|454:120987|454:98755|454:52913|454:30847|454:89004|455:72551|456:129405|456:21441|457:76172|457:134456|457:168811|457:3645|457:162241|458:133124|458:153272|458:136426|459:4936|459:126132,13,19,0.48828125,1.8828125,2.390625,1541.08984375
115,13,2080,32,15,32,15,32,True,460:23904|461:160642|461:41795|462:110126|462:92885|463:102182|463:15256|464:64146|464:100973|464:5705|464:9116|464:111711|465:99117|465:92360|465:11342|465:164954|465:139244|465:49823|465:46690|465:118807|467:85669|467:44473|467:79862|469:56696|469:131553|470:59452|470:81987|470:125598|471:111994|471:85812|471:110192|472:23996,13,19,0.3984375,1.65234375,2.28515625,1528.9375
116,14,2240,32,15,32,15,32,True,474:65658|475:128493|475:87985|476:104897|476:83596|476:17913|477:98955|477:27926|477:285|477:146825|478:18346|478:147842|478:44344|478:114463|478:79794|480:624|480:87305|481:73127|481:60159|481:139513|482:5554|483:139213|483:102375|483:162317|483:163628|483:77120|484:3721|485:26828|485:86097|486:9931|486:18713|486:168531,15,17,0.4375,1.95703125,2.7890625,1762.984375
117,9,1440,32,14,32,14,32,True,487:165898|487:60430|487:73764|487:145753|488:159233|488:83693|488:142435|489:151981|489:78168|489:60161|489:49341|490:143980|490:77122|491:11925|491:100124|491:112522|491:93441|492:46365|492:58349|492:1187|493:52583|493:144468|493:22840|494:9999|494:160790|494:151262|494:137189|495:32977|495:138544|495:125275|495:59153|495:167544,15,17,0.5859375,2.16796875,2.7890625,1782.75390625
118,12,1920,32,10,32,10,32,True,496:124368|496:135504|496:149445|496:150683|496:155025|497:80056|497:1707|498:163461|498:54106|498:160484|498:164659|498:162533|498:101353|499:26371|500:32309|500:118772|501:101404|502:142205|502:15035|502:45128|502:104771|503:127530|503:89743|503:122958|504:43839|504:27548|505:10256|505:50816|506:2112|506:128128|506:77022|507:108478,12,20,0.55078125,2.34765625,3.00390625,1853.44140625
119,8,1280,32,5,32,5,32,True,508:142132|508:76702|508:123292|508:12362|509:129206|509:134500|509:92649|510:43199|510:101886|510:34364|510:85904|510:123837|510:141417|510:103013|510:137332|510:45474|511:146134|511:138447|512:115344|512:149857|512:121287|513:135108|513:152997|513:45443|513:134435|513:25869|514:23489|514:127036|514:118391|514:157733|515:116961|515:107165,8,24,0.5703125,2.05078125,2.6640625,1696.87109375
120,7,1120,32,5,32,5,32,True,516:103313|516:84977|517:44858|517:24608|517:1069|517:117889|517:9934|518:13317|518:159491|518:14292|518:25676|518:127762|518:78671|518:117494|518:115470|518:122061|519:37660|519:49115|519:48730|519:136423|520:2695|520:106180|520:132515|520:124538|520:29814|521:127117|521:1750|522:3812|522:51370|522:140854|522:162736|522:76789,17,15,0.51953125,1.87890625,2.5625,1626.82421875
