global_step,q,generation_batches_consumed,candidate_groups_seen,mixed_groups_available,efficiency_groups_available,requested_quota,actual_efficiency_groups_inserted,mixed_groups_used,mixed_groups_replaced,quota_filled,optimizer_batch_size,source_nq,source_hotpotqa,mean_k_over_8,mean_search_rounds,mean_search_queries,mean_response_tokens,efficiency_source_nq,efficiency_source_hotpotqa,replaced_mean_k_over_8,replaced_mean_search_rounds,replaced_mean_tokens,inserted_mean_cost_gap
71,0,9,1440,32,7,0,0,32,0,True,32,14,18,0.50390625,1.6015625,2.28125,1459.70703125,0,0,,,,
71,1,9,1440,32,7,1,1,31,1,True,32,14,18,0.51953125,1.62890625,2.30859375,1475.90625,1,0,0.5,1.0,1281.5,1.0
71,2,9,1440,32,7,2,2,30,2,True,32,13,19,0.53125,1.65625,2.3046875,1474.90625,1,1,0.5625,1.0,1253.0,1.0
71,3,9,1440,32,7,3,3,29,3,True,32,14,18,0.53515625,1.67578125,2.32421875,1484.53515625,2,1,0.6666666666666666,1.0,1273.9583333333333,1.0
71,4,9,1440,32,7,4,4,28,4,True,32,14,18,0.55078125,1.68359375,2.30078125,1473.33984375,2,2,0.625,1.0,1279.84375,1.0
72,0,13,2080,32,6,0,0,32,0,True,32,9,23,0.55078125,2.21875,2.9921875,1827.90234375,0,0,,,,
72,1,13,2080,32,6,1,1,31,1,True,32,9,23,0.5625,2.1640625,2.96875,1812.3984375,0,1,0.625,3.5,2011.0,2.0
72,2,13,2080,32,6,2,2,30,2,True,32,9,23,0.56640625,2.16796875,2.97265625,1820.828125,0,2,0.75,3.0,1791.5,1.5
72,3,13,2080,32,6,3,3,29,3,True,32,8,24,0.5703125,2.203125,2.9765625,1821.0078125,0,3,0.7916666666666666,2.3333333333333335,1623.7083333333333,1.3333333333333333
72,4,13,2080,32,6,4,4,28,4,True,32,7,25,0.58203125,2.16015625,2.93359375,1802.703125,0,4,0.75,2.53125,1655.59375,1.25
73,0,12,1920,32,9,0,0,32,0,True,32,14,18,0.56640625,1.87109375,2.4609375,1540.08203125,0,0,,,,
73,1,12,1920,32,9,1,1,31,1,True,32,13,19,0.5703125,1.875,2.43359375,1528.88671875,0,1,0.875,1.0,1196.0,1.0
73,2,12,1920,32,9,2,2,30,2,True,32,12,20,0.59765625,1.8359375,2.421875,1519.5390625,0,2,0.5,1.9375,1604.9375,1.0
73,3,12,1920,32,9,3,3,29,3,True,32,12,20,0.60546875,1.6953125,2.28125,1455.25390625,1,2,0.5833333333333334,3.2083333333333335,2087.3333333333335,1.0
73,4,12,1920,32,9,4,4,28,4,True,32,12,20,0.61328125,1.76171875,2.31640625,1474.6484375,1,3,0.625,2.65625,1872.03125,1.0
74,0,10,1600,32,8,0,0,32,0,True,32,9,23,0.51171875,1.95703125,2.5234375,1597.8515625,0,0,,,,
74,1,10,1600,32,8,1,1,31,1,True,32,9,23,0.5390625,1.98046875,2.5546875,1609.87109375,0,1,0.125,2.125,1586.875,1.0
74,2,10,1600,32,8,2,2,30,2,True,32,10,22,0.56640625,1.921875,2.46484375,1560.4765625,1,1,0.125,2.5625,1971.5625,1.0
74,3,10,1600,32,8,3,3,29,3,True,32,11,21,0.57421875,1.96875,2.52734375,1590.40625,2,1,0.3333333333333333,2.375,1775.7916666666667,1.3333333333333333
74,4,10,1600,32,8,4,4,28,4,True,32,11,21,0.578125,1.99609375,2.5859375,1623.0546875,2,2,0.46875,2.28125,1648.34375,1.25
75,0,10,1600,32,6,0,0,32,0,True,32,17,15,0.53515625,1.76953125,2.4453125,1535.94140625,0,0,,,,
75,1,10,1600,32,6,1,1,31,1,True,32,18,14,0.5625,1.75,2.42578125,1527.2578125,1,0,0.125,2.125,1370.875,1.0
75,2,10,1600,32,6,2,2,30,2,True,32,17,15,0.56640625,1.7890625,2.46484375,1557.921875,1,1,0.5,1.5625,1311.0625,1.0
75,3,10,1600,32,6,3,3,29,3,True,32,18,14,0.5859375,1.80078125,2.46484375,1555.59765625,2,1,0.4583333333333333,1.375,1202.4583333333333,1.0
75,4,10,1600,32,6,4,4,28,4,True,32,17,15,0.61328125,1.8046875,2.4375,1543.7734375,2,2,0.375,1.28125,1347.6875,1.0
76,0,13,2080,32,7,0,0,32,0,True,32,11,21,0.41015625,2.1640625,2.8046875,1775.25,0,0,,,,
76,1,13,2080,32,7,1,1,31,1,True,32,10,22,0.42578125,2.16796875,2.81640625,1779.9609375,0,1,0.5,2.0,1378.0,1.0
76,2,13,2080,32,7,2,2,30,2,True,32,10,22,0.4453125,2.13671875,2.81640625,1779.9375,0,2,0.4375,2.0625,1372.9375,1.0
76,3,13,2080,32,7,3,3,29,3,True,32,10,22,0.44921875,2.109375,2.7265625,1730.5234375,1,2,0.5833333333333334,2.5416666666666665,2012.4166666666667,1.0
76,4,13,2080,32,7,4,4,28,4,True,32,9,23,0.45703125,2.125,2.7265625,1726.4375,1,3,0.625,2.15625,1856.625,1.0
77,0,11,1760,32,8,0,0,32,0,True,32,15,17,0.5,1.8359375,2.6171875,1632.9921875,0,0,,,,
77,1,11,1760,32,8,1,1,31,1,True,32,15,17,0.51171875,1.81640625,2.56640625,1608.01171875,0,1,0.625,2.0,1799.125,1.0
77,2,11,1760,32,8,2,2,30,2,True,32,14,18,0.5234375,1.859375,2.578125,1615.7734375,0,2,0.625,1.5,1566.5625,1.0
77,3,11,1760,32,8,3,3,29,3,True,32,14,18,0.53515625,1.84765625,2.59765625,1636.5546875,1,2,0.625,1.6666666666666667,1457.25,1.0
77,4,11,1760,32,8,4,4,28,4,True,32,13,19,0.5625,1.93359375,2.62109375,1653.80859375,1,3,0.5,1.5,1549.625,1.25
78,0,8,1280,32,5,0,0,32,0,True,32,13,19,0.46484375,2.203125,2.77734375,1743.875,0,0,,,,
78,1,8,1280,32,5,1,1,31,1,True,32,13,19,0.47265625,2.10546875,2.6796875,1694.5703125,0,1,0.75,4.5,3246.0,1.0
78,2,8,1280,32,5,2,2,30,2,True,32,14,18,0.4921875,2.03515625,2.60546875,1667.09765625,1,1,0.5625,4.0625,2571.0625,1.0
78,3,8,1280,32,5,3,3,29,3,True,32,14,18,0.51953125,2.07421875,2.6171875,1684.63671875,1,2,0.4166666666666667,3.0416666666666665,2062.9583333333335,1.0
78,4,8,1280,32,5,4,4,28,4,True,32,14,18,0.5234375,2.0859375,2.59765625,1678.328125,2,2,0.53125,2.53125,1994.65625,1.0
79,0,10,1600,32,7,0,0,32,0,True,32,11,21,0.51171875,1.82421875,2.41796875,1575.67578125,0,0,,,,
79,1,10,1600,32,7,1,1,31,1,True,32,11,21,0.515625,1.890625,2.484375,1607.6171875,0,1,0.875,1.625,1518.0,2.0
79,2,10,1600,32,7,2,2,30,2,True,32,11,21,0.51953125,1.88671875,2.4765625,1601.59765625,0,2,0.875,1.4375,1530.625,1.5
79,3,10,1600,32,7,3,3,29,3,True,32,12,20,0.5234375,1.875,2.46484375,1595.9765625,1,2,0.875,1.625,1479.125,1.3333333333333333
79,4,10,1600,32,7,4,4,28,4,True,32,12,20,0.52734375,1.89453125,2.48828125,1609.4296875,1,3,0.875,1.53125,1431.75,1.25
80,0,11,1760,32,5,0,0,32,0,True,32,16,16,0.5234375,1.64453125,2.3984375,1517.60546875,0,0,,,,
80,1,11,1760,32,5,1,1,31,1,True,32,16,16,0.55078125,1.62109375,2.28125,1449.625,0,1,0.125,2.0,3076.125,1.0
80,2,11,1760,32,5,2,2,30,2,True,32,16,16,0.5546875,1.640625,2.26953125,1444.76953125,0,2,0.5,1.5,2161.8125,1.0
80,3,11,1760,32,5,3,3,29,3,True,32,16,16,0.58203125,1.63671875,2.23828125,1424.015625,0,3,0.375,1.6666666666666667,2057.2083333333335,1.0
80,4,11,1760,32,5,4,4,28,4,True,32,17,15,0.5859375,1.609375,2.203125,1402.19140625,1,3,0.5,1.78125,2031.25,1.0
81,0,12,1920,32,8,0,0,32,0,True,32,19,13,0.4453125,2.1796875,2.87890625,1741.8828125,0,0,,,,
81,1,12,1920,32,8,1,1,31,1,True,32,19,13,0.44921875,2.09375,2.79296875,1686.86328125,1,0,0.875,4.0,2650.625,1.0
81,2,12,1920,32,8,2,2,30,2,True,32,19,13,0.4609375,2.140625,2.8515625,1707.80078125,2,0,0.75,2.5,1862.8125,1.5
81,3,12,1920,32,8,3,3,29,3,True,32,19,13,0.46484375,2.1484375,2.828125,1695.48828125,2,1,0.7916666666666666,2.0,1675.625,1.3333333333333333
81,4,12,1920,32,8,4,4,28,4,True,32,19,13,0.4921875,2.17578125,2.82421875,1692.0234375,2,2,0.625,1.75,1582.3125,1.25
82,0,11,1760,32,11,0,0,32,0,True,32,14,18,0.39453125,2.05078125,2.65625,1668.94921875,0,0,,,,
82,1,11,1760,32,11,1,1,31,1,True,32,14,18,0.41796875,2.0546875,2.62890625,1651.71875,1,0,0.25,1.0,1291.0,1.0
82,2,11,1760,32,11,2,2,30,2,True,32,14,18,0.44140625,2.03515625,2.578125,1608.6796875,1,1,0.25,2.0,2093.375,1.0
82,3,11,1760,32,11,3,3,29,3,True,32,14,18,0.4453125,2.01171875,2.5546875,1602.23828125,1,2,0.4583333333333333,2.0,2007.5416666666667,1.3333333333333333
82,4,11,1760,32,11,4,4,28,4,True,32,14,18,0.47265625,1.96875,2.54296875,1602.31640625,1,3,0.375,2.25,1927.6875,1.25
83,0,14,2240,32,5,0,0,32,0,True,32,11,21,0.51953125,1.94140625,2.58984375,1654.28125,0,0,,,,
83,1,14,2240,32,5,1,1,31,1,True,32,10,22,0.52734375,1.91015625,2.58984375,1658.41796875,0,1,0.75,2.75,1550.5,1.0
83,2,14,2240,32,5,2,2,30,2,True,32,10,22,0.53515625,1.9140625,2.5625,1620.640625,0,2,0.75,2.9375,2354.9375,1.0
83,3,14,2240,32,5,3,3,29,3,True,32,9,23,0.546875,2.0078125,2.65625,1676.3984375,0,3,0.7083333333333334,2.2916666666666665,1816.5416666666667,2.0
83,4,14,2240,32,5,4,4,28,4,True,32,10,22,0.56640625,1.9921875,2.671875,1677.078125,1,3,0.625,2.21875,1729.21875,1.75
84,0,10,1600,32,7,0,0,32,0,True,32,16,16,0.4765625,2.06640625,2.6875,1675.390625,0,0,,,,
84,1,10,1600,32,7,1,1,31,1,True,32,15,17,0.49609375,2.08984375,2.7109375,1699.6015625,0,1,0.375,1.375,1523.5,1.0
84,2,10,1600,32,7,2,2,30,2,True,32,14,18,0.51171875,2.12109375,2.7109375,1698.1328125,0,2,0.4375,1.1875,1656.25,1.5
84,3,10,1600,32,7,3,3,29,3,True,32,14,18,0.5234375,2.046875,2.57421875,1623.51953125,0,3,0.5,2.2916666666666665,2358.4583333333335,1.3333333333333333
84,4,10,1600,32,7,4,4,28,4,True,32,14,18,0.5390625,2.06640625,2.5625,1614.4140625,0,4,0.5,1.96875,2100.96875,1.25
85,0,11,1760,32,10,0,0,32,0,True,32,14,18,0.59375,1.75390625,2.55859375,1606.92578125,0,0,,,,
85,1,11,1760,32,10,1,1,31,1,True,32,14,18,0.609375,1.76953125,2.60546875,1631.51953125,0,1,0.5,1.0,1319.0,1.0
85,2,11,1760,32,10,2,2,30,2,True,32,15,17,0.61328125,1.734375,2.6015625,1617.5,1,1,0.6875,2.0,1782.375,1.0
85,3,11,1760,32,10,3,3,29,3,True,32,14,18,0.63671875,1.77734375,2.64453125,1655.125,1,2,0.5416666666666666,1.6666666666666667,1568.5833333333333,1.0
85,4,11,1760,32,10,4,4,28,4,True,32,15,17,0.65625,1.79296875,2.62890625,1645.43359375,2,2,0.5,1.5,1518.09375,1.0
86,0,12,1920,32,9,0,0,32,0,True,32,19,13,0.515625,1.58203125,2.36328125,1496.80078125,0,0,,,,
86,1,12,1920,32,9,1,1,31,1,True,32,18,14,0.52734375,1.62109375,2.37109375,1502.94921875,0,1,0.625,1.0,1301.75,2.0
86,2,12,1920,32,9,2,2,30,2,True,32,17,15,0.5546875,1.640625,2.390625,1519.01171875,0,2,0.375,1.0,1260.9375,1.5
86,3,12,1920,32,9,3,3,29,3,True,32,17,15,0.56640625,1.62109375,2.37109375,1513.14453125,1,2,0.4583333333333333,1.6666666666666667,1567.9583333333333,1.3333333333333333
86,4,12,1920,32,9,4,4,28,4,True,32,17,15,0.5859375,1.69140625,2.44140625,1553.14453125,1,3,0.4375,1.5,1494.78125,1.25
87,0,12,1920,32,9,0,0,32,0,True,32,11,21,0.4765625,1.7265625,2.19140625,1438.5625,0,0,,,,
87,1,12,1920,32,9,1,1,31,1,True,32,11,21,0.48828125,1.74609375,2.2421875,1476.69140625,0,1,0.625,2.0,1264.5,1.0
87,2,12,1920,32,9,2,2,30,2,True,32,11,21,0.4921875,1.72265625,2.1875,1454.07421875,0,2,0.75,2.0,1510.625,1.0
87,3,12,1920,32,9,3,3,29,3,True,32,10,22,0.51171875,1.79296875,2.2578125,1494.3203125,0,3,0.625,1.6666666666666667,1440.0833333333333,1.0
87,4,12,1920,32,9,4,4,28,4,True,32,9,23,0.5390625,1.78515625,2.28125,1510.375,0,4,0.5,1.9375,1502.375,1.25
88,0,14,2240,32,9,0,0,32,0,True,32,17,15,0.51953125,2.08203125,2.62109375,1610.953125,0,0,,,,
88,1,14,2240,32,9,1,1,31,1,True,32,16,16,0.546875,2.1171875,2.65625,1628.15234375,0,1,0.125,1.0,749.5,1.0
88,2,14,2240,32,9,2,2,30,2,True,32,16,16,0.5546875,2.140625,2.6484375,1625.9453125,0,2,0.4375,1.0625,1110.4375,1.0
88,3,14,2240,32,9,3,3,29,3,True,32,15,17,0.5625,2.1015625,2.609375,1604.53125,0,3,0.5416666666666666,1.7083333333333333,1396.2083333333333,1.0
88,4,14,2240,32,9,4,4,28,4,True,32,14,18,0.5859375,2.16015625,2.66796875,1637.953125,0,4,0.46875,1.53125,1217.71875,1.0
89,0,11,1760,32,9,0,0,32,0,True,32,10,22,0.47265625,2.0703125,2.83203125,1778.828125,0,0,,,,
89,1,11,1760,32,9,1,1,31,1,True,32,10,22,0.5,2.01953125,2.8125,1767.9453125,0,1,0.125,3.0,1896.375,1.0
89,2,11,1760,32,9,2,2,30,2,True,32,9,23,0.51953125,2.09375,2.85546875,1799.03515625,0,2,0.25,2.1875,1668.5625,1.0
89,3,11,1760,32,9,3,3,29,3,True,32,9,23,0.5390625,2.04296875,2.8046875,1771.5546875,0,3,0.2916666666666667,2.625,1856.75,1.0
89,4,11,1760,32,9,4,4,28,4,True,32,8,24,0.5546875,2.125,2.85546875,1796.06640625,0,4,0.34375,2.21875,1720.3125,1.0
90,0,9,1440,32,4,0,0,32,0,True,32,15,17,0.5,1.65234375,2.33984375,1467.625,0,0,,,,
90,1,9,1440,32,4,1,1,31,1,True,32,14,18,0.5078125,1.62890625,2.37890625,1496.67578125,0,1,0.75,2.0,1281.375,1.0
90,2,9,1440,32,4,2,2,30,2,True,32,14,18,0.53125,1.65625,2.375,1498.77734375,0,2,0.5,1.5,1247.8125,1.0
90,3,9,1440,32,4,3,3,29,3,True,32,14,18,0.5546875,1.53125,2.25,1434.40625,0,3,0.4166666666666667,3.1666666666666665,2014.875,1.0
90,4,9,1440,32,4,4,4,28,4,True,32,13,19,0.57421875,1.5078125,2.2578125,1444.63671875,0,4,0.40625,2.875,1837.1875,1.0
91,0,8,1280,32,6,0,0,32,0,True,32,13,19,0.45703125,1.875,2.51171875,1614.92578125,0,0,,,,
91,1,8,1280,32,6,1,1,31,1,True,32,13,19,0.46484375,1.90234375,2.5078125,1614.39453125,0,1,0.75,2.0,1898.0,1.0
91,2,8,1280,32,6,2,2,30,2,True,32,13,19,0.46875,1.91796875,2.5546875,1642.8125,0,2,0.8125,1.5,1324.8125,1.0
91,3,8,1280,32,6,3,3,29,3,True,32,13,19,0.4921875,1.953125,2.62109375,1674.9375,0,3,0.625,1.6666666666666667,1317.125,1.0
91,4,8,1280,32,6,4,4,28,4,True,32,13,19,0.515625,1.96875,2.62109375,1673.2265625,1,3,0.53125,1.5,1339.03125,1.0
92,0,8,1280,32,3,0,0,32,0,True,32,13,19,0.5234375,1.65234375,2.27734375,1467.6875,0,0,,,,
92,1,8,1280,32,3,1,1,31,1,True,32,13,19,0.52734375,1.70703125,2.33203125,1501.078125,0,1,0.875,2.0,1926.75,1.0
92,2,8,1280,32,3,2,2,30,2,True,32,13,19,0.5390625,1.703125,2.359375,1512.55859375,0,2,0.75,2.0,1695.25,1.0
92,3,8,1280,32,3,3,3,29,3,True,32,13,19,0.56640625,1.70703125,2.39453125,1527.94140625,0,3,0.5416666666666666,2.0,1578.875,1.0
92,4,8,1280,32,3,4,3,29,3,False,32,13,19,0.56640625,1.70703125,2.39453125,1527.94140625,0,3,0.5416666666666666,2.0,1578.875,1.0
93,0,11,1760,32,8,0,0,32,0,True,32,13,19,0.52734375,1.9921875,2.55078125,1611.06640625,0,0,,,,
93,1,11,1760,32,8,1,1,31,1,True,32,12,20,0.53125,1.9296875,2.45703125,1550.046875,0,1,0.875,3.625,3150.125,1.0
93,2,11,1760,32,8,2,2,30,2,True,32,12,20,0.5546875,1.89453125,2.453125,1554.95703125,1,1,0.5625,2.9375,2249.375,1.0
93,3,11,1760,32,8,3,3,29,3,True,32,13,19,0.57421875,1.875,2.49609375,1572.23046875,2,1,0.5,2.625,1937.4166666666667,1.0
93,4,11,1760,32,8,4,4,28,4,True,32,13,19,0.6015625,1.890625,2.51171875,1580.59765625,3,1,0.40625,2.21875,1643.4375,1.0
94,0,11,1760,32,7,0,0,32,0,True,32,14,18,0.50390625,1.63671875,2.3359375,1504.87109375,0,0,,,,
94,1,11,1760,32,7,1,1,31,1,True,32,15,17,0.51171875,1.66015625,2.33203125,1508.296875,1,0,0.75,2.0,1817.0,2.0
94,2,11,1760,32,7,2,2,30,2,True,32,14,18,0.53125,1.671875,2.34375,1521.09375,1,1,0.5625,1.6875,1571.5,1.5
94,3,11,1760,32,7,3,3,29,3,True,32,15,17,0.5390625,1.65625,2.296875,1496.5078125,2,1,0.625,1.7916666666666667,1680.5833333333333,1.3333333333333333
94,4,11,1760,32,7,4,4,28,4,True,32,15,17,0.54296875,1.6484375,2.2578125,1474.03515625,2,2,0.6875,1.84375,1729.28125,1.25
95,0,8,1280,32,3,0,0,32,0,True,32,14,18,0.5546875,2.1171875,2.765625,1717.36328125,0,0,,,,
95,1,8,1280,32,3,1,1,31,1,True,32,13,19,0.5625,2.1328125,2.75390625,1707.8828125,0,1,0.75,3.25,2681.375,1.0
95,2,8,1280,32,3,2,2,30,2,True,32,13,19,0.57421875,2.15625,2.77734375,1720.453125,0,2,0.6875,2.125,2042.8125,1.0
95,3,8,1280,32,3,3,3,29,3,True,32,12,20,0.58984375,2.1640625,2.78515625,1720.0546875,0,3,0.625,2.0833333333333335,1822.2083333333333,1.0
95,4,8,1280,32,3,4,3,29,3,False,32,12,20,0.58984375,2.1640625,2.78515625,1720.0546875,0,3,0.625,2.0833333333333335,1822.2083333333333,1.0
96,0,11,1760,32,9,0,0,32,0,True,32,13,19,0.5859375,1.98828125,2.43359375,1554.8203125,0,0,,,,
96,1,11,1760,32,9,1,1,31,1,True,32,12,20,0.59765625,2.0625,2.48828125,1587.609375,0,1,0.625,1.375,1250.0,1.0
96,2,11,1760,32,9,2,2,30,2,True,32,12,20,0.609375,2.03515625,2.4609375,1575.2109375,0,2,0.625,1.6875,1511.875,1.0
96,3,11,1760,32,9,3,3,29,3,True,32,11,21,0.62890625,2.04296875,2.4609375,1575.5390625,0,3,0.5416666666666666,1.4583333333333333,1435.7083333333333,1.0
96,4,11,1760,32,9,4,4,28,4,True,32,12,20,0.640625,2.0390625,2.48828125,1585.5546875,1,3,0.5625,1.59375,1405.03125,1.0
97,0,11,1760,32,9,0,0,32,0,True,32,16,16,0.578125,2.24609375,2.6953125,1734.25390625,0,0,,,,
97,1,11,1760,32,9,1,1,31,1,True,32,17,15,0.6015625,2.1875,2.63671875,1699.6328125,1,0,0.25,4.0,2474.25,1.0
97,2,11,1760,32,9,2,2,30,2,True,32,17,15,0.62109375,2.19140625,2.609375,1683.66796875,2,0,0.3125,2.5,1904.125,1.0
97,3,11,1760,32,9,3,3,29,3,True,32,17,15,0.625,2.17578125,2.625,1694.234375,2,1,0.5,2.3333333333333335,1710.375,1.0
97,4,11,1760,32,9,4,4,28,4,True,32,18,14,0.65234375,2.18359375,2.640625,1701.18359375,3,1,0.40625,2.0,1499.5625,1.0
98,0,10,1600,32,9,0,0,32,0,True,32,14,18,0.52734375,1.734375,2.37109375,1497.13671875,0,0,,,,
98,1,10,1600,32,9,1,1,31,1,True,32,14,18,0.55078125,1.76953125,2.375,1497.86328125,0,1,0.25,1.0,1310.0,1.0
98,2,10,1600,32,9,2,2,30,2,True,32,15,17,0.5625,1.828125,2.49609375,1543.890625,1,1,0.4375,1.1875,1196.625,1.0
98,3,10,1600,32,9,3,3,29,3,True,32,15,17,0.5703125,1.8515625,2.51953125,1557.4140625,2,1,0.5416666666666666,1.7916666666666667,1423.25,1.0
98,4,10,1600,32,9,4,4,28,4,True,32,15,17,0.59375,1.76953125,2.4375,1512.77734375,2,2,0.46875,2.34375,1674.6875,1.0
99,0,14,2240,32,15,0,0,32,0,True,32,9,23,0.515625,2.30078125,2.8515625,1811.28515625,0,0,,,,
99,1,14,2240,32,15,1,1,31,1,True,32,10,22,0.5390625,2.2421875,2.82421875,1792.25,1,0,0.25,3.5,2160.0,1.0
99,2,14,2240,32,15,2,2,30,2,True,32,11,21,0.54296875,2.265625,2.81640625,1792.48046875,2,0,0.5625,2.25,1691.3125,1.0
99,3,14,2240,32,15,3,3,29,3,True,32,11,21,0.56640625,2.24609375,2.734375,1754.58203125,2,1,0.4583333333333333,2.3333333333333335,1904.1666666666667,1.0
99,4,14,2240,32,15,4,4,28,4,True,32,11,21,0.5859375,2.21875,2.70703125,1729.984375,2,2,0.4375,2.625,2050.53125,1.0
100,0,10,1600,32,9,0,0,32,0,True,32,15,17,0.4921875,2.2578125,2.6875,1719.73828125,0,0,,,,
100,1,10,1600,32,9,1,1,31,1,True,32,14,18,0.515625,2.16015625,2.58984375,1665.16015625,0,1,0.25,4.25,2648.125,1.0
100,2,10,1600,32,9,2,2,30,2,True,32,14,18,0.53125,2.1796875,2.62109375,1681.14453125,1,1,0.375,2.625,1713.0625,1.0
100,3,10,1600,32,9,3,3,29,3,True,32,14,18,0.54296875,2.16796875,2.578125,1648.77734375,2,1,0.4583333333333333,2.2916666666666665,1771.7916666666667,1.0
100,4,10,1600,32,9,4,4,28,4,True,32,15,17,0.546875,2.1875,2.62890625,1678.5390625,3,1,0.5625,2.21875,1662.0,1.0
101,0,9,1440,32,6,0,0,32,0,True,32,18,14,0.47265625,1.78515625,2.69140625,1692.19921875,0,0,,,,
101,1,9,1440,32,6,1,1,31,1,True,32,18,14,0.484375,1.80078125,2.70703125,1698.78515625,1,0,0.625,2.0,1387.25,1.0
101,2,9,1440,32,6,2,2,30,2,True,32,17,15,0.51171875,1.71484375,2.65234375,1666.3671875,1,1,0.375,3.0625,1986.3125,1.0
101,3,9,1440,32,6,3,3,29,3,True,32,17,15,0.5234375,1.71875,2.625,1652.015625,1,2,0.4583333333333333,2.7083333333333335,1996.625,1.0
101,4,9,1440,32,6,4,4,28,4,True,32,17,15,0.54296875,1.703125,2.609375,1635.609375,2,2,0.4375,2.53125,2014.46875,1.0
102,0,8,1280,32,3,0,0,32,0,True,32,11,21,0.4765625,2.27734375,3.03515625,1961.828125,0,0,,,,
102,1,8,1280,32,3,1,1,31,1,True,32,11,21,0.484375,2.1953125,2.984375,1934.7890625,0,1,0.75,3.75,2284.0,1.0
102,2,8,1280,32,3,2,2,30,2,True,32,12,20,0.5,2.1796875,2.96875,1925.6953125,1,1,0.625,2.875,1809.5,1.0
102,3,8,1280,32,3,3,3,29,3,True,32,11,21,0.50390625,2.22265625,3.01171875,1952.6015625,1,2,0.7083333333333334,2.25,1444.4583333333333,1.0
102,4,8,1280,32,3,4,3,29,3,False,32,11,21,0.50390625,2.22265625,3.01171875,1952.6015625,1,2,0.7083333333333334,2.25,1444.4583333333333,1.0
103,0,12,1920,32,9,0,0,32,0,True,32,13,19,0.4765625,1.8671875,2.640625,1681.85546875,0,0,,,,
103,1,12,1920,32,9,1,1,31,1,True,32,14,18,0.4921875,1.85546875,2.61328125,1665.8125,1,0,0.5,2.0,1575.5,1.0
103,2,12,1920,32,9,2,2,30,2,True,32,15,17,0.51953125,1.921875,2.6484375,1688.50390625,2,0,0.3125,1.5,1442.5625,1.0
103,3,12,1920,32,9,3,3,29,3,True,32,15,17,0.5390625,1.93359375,2.66015625,1700.046875,2,1,0.3333333333333333,1.3333333333333333,1408.3333333333333,1.0
103,4,12,1920,32,9,4,4,28,4,True,32,16,16,0.54296875,1.953125,2.6484375,1690.58984375,3,1,0.46875,1.25,1394.375,1.0
104,0,9,1440,32,9,0,0,32,0,True,32,19,13,0.5,1.765625,2.359375,1494.37890625,0,0,,,,
104,1,9,1440,32,9,1,1,31,1,True,32,19,13,0.5078125,1.77734375,2.37109375,1504.4765625,0,1,0.75,1.25,1322.75,1.0
104,2,9,1440,32,9,2,2,30,2,True,32,18,14,0.53515625,1.796875,2.359375,1494.765625,0,2,0.4375,1.125,1654.3125,1.0
104,3,9,1440,32,9,3,3,29,3,True,32,17,15,0.55859375,1.83984375,2.49609375,1569.8984375,0,3,0.375,1.0833333333333333,1351.5416666666667,1.0
104,4,9,1440,32,9,4,4,28,4,True,32,17,15,0.56640625,1.8515625,2.5078125,1576.265625,1,3,0.46875,1.53125,1456.5625,1.25
105,0,9,1440,32,9,0,0,32,0,True,32,18,14,0.47265625,1.75,2.47265625,1570.19140625,0,0,,,,
105,1,9,1440,32,9,1,1,31,1,True,32,18,14,0.48828125,1.79296875,2.484375,1574.5234375,0,1,0.5,1.0,1276.25,1.0
105,2,9,1440,32,9,2,2,30,2,True,32,18,14,0.515625,1.83203125,2.51953125,1596.4921875,1,1,0.3125,1.0,1014.125,1.0
105,3,9,1440,32,9,3,3,29,3,True,32,17,15,0.53515625,1.921875,2.609375,1654.0234375,1,2,0.3333333333333333,1.0,1098.0833333333333,1.0
105,4,9,1440,32,9,4,4,28,4,True,32,18,14,0.55078125,1.91796875,2.625,1661.125,2,2,0.375,1.15625,1173.875,1.0
106,0,10,1600,32,11,0,0,32,0,True,32,13,19,0.5625,2.42578125,3.18359375,1970.0546875,0,0,,,,
106,1,10,1600,32,11,1,1,31,1,True,32,12,20,0.58203125,2.3125,3.0390625,1898.4296875,0,1,0.375,4.75,3668.5,1.0
106,2,10,1600,32,11,2,2,30,2,True,32,13,19,0.609375,2.16015625,2.91796875,1824.41796875,1,1,0.25,5.4375,3672.0,1.5
106,3,10,1600,32,11,3,3,29,3,True,32,13,19,0.61328125,2.08984375,2.84765625,1788.47265625,1,2,0.4583333333333333,5.541666666666667,3587.4166666666665,2.0
106,4,10,1600,32,11,4,4,28,4,True,32,12,20,0.6171875,2.125,2.7890625,1766.765625,1,3,0.5625,4.40625,3231.625,1.75
107,0,8,1280,32,4,0,0,32,0,True,32,14,18,0.50390625,1.4296875,2.12890625,1353.7421875,0,0,,,,
107,1,8,1280,32,4,1,1,31,1,True,32,14,18,0.5078125,1.45703125,2.15625,1367.4375,1,0,0.875,1.0,1263.5,1.0
107,2,8,1280,32,4,2,2,30,2,True,32,13,19,0.52734375,1.4609375,2.1796875,1377.34765625,1,1,0.625,1.0,1107.5,1.0
107,3,8,1280,32,4,3,3,29,3,True,32,13,19,0.53515625,1.515625,2.265625,1425.05078125,1,2,0.6666666666666666,1.7083333333333333,1391.5,1.0
107,4,8,1280,32,4,4,4,28,4,True,32,12,20,0.5625,1.51953125,2.26953125,1424.34375,1,3,0.53125,1.53125,1368.40625,1.0
108,0,8,1280,32,8,0,0,32,0,True,32,14,18,0.44140625,2.21484375,2.859375,1796.62890625,0,0,,,,
108,1,8,1280,32,8,1,1,31,1,True,32,14,18,0.46484375,2.21875,2.86328125,1807.359375,0,1,0.25,1.0,1284.5,1.0
108,2,8,1280,32,8,2,2,30,2,True,32,14,18,0.47265625,2.2109375,2.83984375,1791.01953125,0,2,0.5,1.375,1547.1875,1.0
108,3,8,1280,32,8,3,3,29,3,True,32,15,17,0.48046875,2.1171875,2.71484375,1707.6640625,1,2,0.5833333333333334,2.5,2296.5416666666665,1.0
108,4,8,1280,32,8,4,4,28,4,True,32,15,17,0.5078125,2.0390625,2.61328125,1651.80859375,1,3,0.46875,2.78125,2498.5,1.0
109,0,11,1760,32,8,0,0,32,0,True,32,12,20,0.484375,2.03125,2.71875,1746.71484375,0,0,,,,
109,1,11,1760,32,8,1,1,31,1,True,32,12,20,0.4921875,1.984375,2.703125,1735.20703125,0,1,0.75,2.75,1747.0,1.0
109,2,11,1760,32,8,2,2,30,2,True,32,12,20,0.515625,1.94921875,2.64453125,1725.7421875,0,2,0.5,2.75,1850.125,1.0
109,3,11,1760,32,8,3,3,29,3,True,32,12,20,0.51953125,1.97265625,2.66796875,1746.74609375,0,3,0.625,2.1666666666666665,1646.5416666666667,1.0
109,4,11,1760,32,8,4,4,28,4,True,32,12,20,0.546875,1.953125,2.6484375,1743.6953125,0,4,0.5,2.125,1667.34375,1.0
110,0,11,1760,32,10,0,0,32,0,True,32,17,15,0.4921875,2.18359375,2.734375,1795.9453125,0,0,,,,
110,1,11,1760,32,10,1,1,31,1,True,32,18,14,0.49609375,2.15625,2.73828125,1793.625,1,0,0.875,2.0,1300.75,1.0
110,2,11,1760,32,10,2,2,30,2,True,32,19,13,0.5078125,2.125,2.70703125,1777.1171875,2,0,0.75,2.4375,1649.5,1.0
110,3,11,1760,32,10,3,3,29,3,True,32,20,12,0.51171875,2.0859375,2.66796875,1753.18359375,3,0,0.7916666666666666,2.625,1740.9583333333333,1.0
110,4,11,1760,32,10,4,4,28,4,True,32,19,13,0.53515625,2.00390625,2.6171875,1730.3671875,3,1,0.65625,2.9375,1880.5,1.0
111,0,9,1440,32,6,0,0,32,0,True,32,13,19,0.43359375,1.828125,2.515625,1646.78125,0,0,,,,
111,1,9,1440,32,6,1,1,31,1,True,32,14,18,0.4609375,1.80078125,2.45703125,1612.45703125,1,0,0.125,2.0,1892.75,1.0
111,2,9,1440,32,6,2,2,30,2,True,32,15,17,0.4765625,1.81640625,2.44140625,1602.36328125,2,0,0.3125,2.0,1935.625,1.0
111,3,9,1440,32,6,3,3,29,3,True,32,15,17,0.50390625,1.82421875,2.421875,1598.2265625,3,0,0.25,1.6666666666666667,1675.625,1.0
111,4,9,1440,32,6,4,4,28,4,True,32,14,18,0.5234375,1.828125,2.45703125,1627.328125,3,1,0.28125,1.5,1416.5625,1.0
112,0,9,1440,32,8,0,0,32,0,True,32,16,16,0.48046875,1.73828125,2.4375,1534.0234375,0,0,,,,
112,1,9,1440,32,8,1,1,31,1,True,32,15,17,0.5078125,1.73828125,2.4375,1536.76953125,0,1,0.125,1.875,1761.75,1.0
112,2,9,1440,32,8,2,2,30,2,True,32,15,17,0.5234375,1.6640625,2.39453125,1515.29296875,0,2,0.3125,2.75,1990.0,1.0
112,3,9,1440,32,8,3,3,29,3,True,32,15,17,0.53125,1.640625,2.33984375,1498.05078125,1,2,0.4583333333333333,2.5,1850.0833333333333,1.0
112,4,9,1440,32,8,4,4,28,4,True,32,14,18,0.53515625,1.6484375,2.31640625,1488.9296875,1,3,0.5625,2.125,1690.78125,1.0
113,0,10,1600,32,9,0,0,32,0,True,32,11,21,0.51953125,2.28515625,2.9609375,1840.05078125,0,0,,,,
113,1,10,1600,32,9,1,1,31,1,True,32,12,20,0.5390625,2.3046875,2.98046875,1852.75390625,1,0,0.375,2.0,1289.5,1.0
113,2,10,1600,32,9,2,2,30,2,True,32,12,20,0.55859375,2.30078125,2.9765625,1856.1484375,1,1,0.375,2.5,1550.4375,1.0
113,3,10,1600,32,9,3,3,29,3,True,32,11,21,0.5625,2.3828125,3.02734375,1887.27734375,1,2,0.5416666666666666,2.0,1433.5,1.0
113,4,10,1600,32,9,4,4,28,4,True,32,12,20,0.58984375,2.35546875,3.0,1870.4921875,2,2,0.4375,2.15625,1506.28125,1.0
114,0,12,1920,32,12,0,0,32,0,True,32,13,19,0.48828125,1.8828125,2.390625,1541.08984375,0,0,,,,
114,1,12,1920,32,12,1,1,31,1,True,32,13,19,0.49609375,1.9609375,2.46875,1584.41796875,0,1,0.75,2.0,1347.5,1.0
114,2,12,1920,32,12,2,2,30,2,True,32,13,19,0.5234375,1.97265625,2.48828125,1606.328125,1,1,0.4375,1.9375,1345.25,1.5
114,3,12,1920,32,12,3,3,29,3,True,32,13,19,0.52734375,1.984375,2.46875,1590.37109375,1,2,0.5833333333333334,1.9166666666666667,1516.875,1.3333333333333333
114,4,12,1920,32,12,4,4,28,4,True,32,13,19,0.55078125,1.94921875,2.46484375,1588.7421875,1,3,0.5,2.125,1586.34375,1.25
115,0,13,2080,32,15,0,0,32,0,True,32,13,19,0.3984375,1.65234375,2.28515625,1528.9375,0,0,,,,
115,1,13,2080,32,15,1,1,31,1,True,32,12,20,0.42578125,1.63671875,2.26953125,1522.24609375,0,1,0.125,3.75,2728.5,2.0
115,2,13,2080,32,15,2,2,30,2,True,32,12,20,0.44921875,1.65625,2.3125,1539.53515625,0,2,0.1875,2.75,2056.875,1.5
115,3,13,2080,32,15,3,3,29,3,True,32,12,20,0.4765625,1.70703125,2.36328125,1578.04296875,0,3,0.16666666666666666,2.1666666666666665,1614.25,1.3333333333333333
115,4,13,2080,32,15,4,4,28,4,True,32,13,19,0.50390625,1.734375,2.421875,1607.94921875,1,3,0.15625,2.375,1663.75,1.25
116,0,14,2240,32,15,0,0,32,0,True,32,15,17,0.4375,1.95703125,2.7890625,1762.984375,0,0,,,,
116,1,14,2240,32,15,1,1,31,1,True,32,15,17,0.453125,1.96484375,2.796875,1768.34765625,0,1,0.5,1.5,1052.625,1.0
116,2,14,2240,32,15,2,2,30,2,True,32,15,17,0.48046875,1.9453125,2.75,1751.93359375,1,1,0.3125,2.25,1756.9375,1.0
116,3,14,2240,32,15,3,3,29,3,True,32,14,18,0.5078125,2.015625,2.8203125,1792.41015625,1,2,0.25,1.8333333333333333,1414.5,1.3333333333333333
116,4,14,2240,32,15,4,4,28,4,True,32,14,18,0.53515625,1.953125,2.7890625,1765.3828125,1,3,0.21875,2.15625,1605.4375,1.25
117,0,9,1440,32,14,0,0,32,0,True,32,15,17,0.5859375,2.16796875,2.7890625,1782.75390625,0,0,,,,
117,1,9,1440,32,14,1,1,31,1,True,32,15,17,0.58984375,2.1640625,2.75390625,1759.59375,0,1,0.875,2.0,1908.875,1.0
117,2,9,1440,32,14,2,2,30,2,True,32,14,18,0.60546875,2.171875,2.76171875,1760.6953125,0,2,0.6875,1.5,1699.3125,1.0
117,3,9,1440,32,14,3,3,29,3,True,32,14,18,0.6328125,2.0703125,2.69140625,1709.32421875,0,3,0.5,2.6666666666666665,2214.5,1.0
117,4,9,1440,32,14,4,4,28,4,True,32,14,18,0.66015625,2.02734375,2.67578125,1702.67578125,0,4,0.40625,2.71875,2165.4375,1.0
118,0,12,1920,32,10,0,0,32,0,True,32,12,20,0.55078125,2.34765625,3.00390625,1853.44140625,0,0,,,,
118,1,12,1920,32,10,1,1,31,1,True,32,13,19,0.57421875,2.3125,2.96875,1832.953125,1,0,0.25,3.0,1880.5,1.0
118,2,12,1920,32,10,2,2,30,2,True,32,13,19,0.59765625,2.27734375,2.90234375,1797.03125,2,0,0.25,3.0,2168.875,1.0
118,3,12,1920,32,10,3,3,29,3,True,32,13,19,0.6015625,2.1796875,2.8046875,1733.87890625,2,1,0.4583333333333333,3.5833333333333335,2652.9583333333335,1.0
118,4,12,1920,32,10,4,4,28,4,True,32,13,19,0.60546875,2.1953125,2.8515625,1762.21484375,3,1,0.5625,2.9375,2299.40625,1.0
119,0,8,1280,32,5,0,0,32,0,True,32,8,24,0.5703125,2.05078125,2.6640625,1696.87109375,0,0,,,,
119,1,8,1280,32,5,1,1,31,1,True,32,8,24,0.58203125,2.06640625,2.6953125,1712.70703125,0,1,0.625,1.0,1314.875,1.0
119,2,8,1280,32,5,2,2,30,2,True,32,8,24,0.5859375,2.125,2.75390625,1754.80859375,0,2,0.75,1.875,1828.0625,1.0
119,3,8,1280,32,5,3,3,29,3,True,32,8,24,0.609375,2.1328125,2.72265625,1736.4140625,0,3,0.5833333333333334,1.9166666666666667,1920.2083333333333,1.3333333333333333
119,4,8,1280,32,5,4,4,28,4,True,32,8,24,0.62109375,2.12109375,2.7109375,1728.02734375,0,4,0.59375,2.09375,1885.9375,1.25
120,0,7,1120,32,5,0,0,32,0,True,32,17,15,0.51953125,1.87890625,2.5625,1626.82421875,0,0,,,,
120,1,7,1120,32,5,1,1,31,1,True,32,16,16,0.5390625,1.87890625,2.5625,1628.45703125,0,1,0.375,1.375,1000.375,1.0
120,2,7,1120,32,5,2,2,30,2,True,32,17,15,0.5546875,1.86328125,2.578125,1639.22265625,1,1,0.4375,2.3125,1773.6875,1.5
120,3,7,1120,32,5,3,3,29,3,True,32,17,15,0.58203125,1.84375,2.546875,1613.91796875,1,2,0.3333333333333333,2.2083333333333335,1854.2916666666667,1.3333333333333333
120,4,7,1120,32,5,4,4,28,4,True,32,17,15,0.5859375,1.86328125,2.59765625,1637.54296875,2,2,0.46875,2.15625,1716.375,1.25
